-- GROUP 23 --
-- Devora Cavaleiro 20230974
-- Andriani Kakoulli 20230484
-- Guilherme Sá 20230520
-- Manuel Gonçalves 20230466
-- Sebastião Rosalino 20230372

-- DATABASE DESIGN AND CREATION --

-- Remove the existing PlayPixel database if it exists, to start fresh
DROP DATABASE IF EXISTS PlayPixel;

-- Create a new database named PlayPixel for the business process
CREATE DATABASE IF NOT EXISTS PlayPixel;

-- Select the PlayPixel database for subsequent operations
USE PlayPixel;

-- Create Log table
-- This table will record events occurring within the database for auditing and tracking
DROP TABLE IF EXISTS Log;
CREATE TABLE Log (
    LogID INT PRIMARY KEY AUTO_INCREMENT, -- Unique identifier for each log entry
    EventDescription TEXT, -- Description of the event being logged
    EventDate DATETIME -- The date and time when the event occurred
);


-- Creating a stored procedure named LogEvent to insert log entries
-- This improves code reusability and encapsulates the logging logic
DELIMITER //
CREATE PROCEDURE LogEvent(IN eventDescription VARCHAR(1000))
BEGIN
    -- Inserts a new log entry with the provided description and the current timestamp
    INSERT INTO Log (EventDescription, EventDate)
    VALUES (eventDescription, NOW());
END;
//
DELIMITER ;


-- Call the LogEvent stored procedure to log the creation of the Log table
-- The provided event description includes the SQL code used to create the Log table
CALL LogEvent('DROP TABLE IF EXISTS Log;
    CREATE TABLE Log (
    LogID INT PRIMARY KEY AUTO_INCREMENT,
    EventDescription VARCHAR(1000),
    EventDate DATETIME
);');
-- Call the LogEvent stored procedure to log the successful creation of the Log table
CALL LogEvent('Log Table Created!');

-- Create the ZipCodes table
-- This table stores information about Zip Codes, including their state and country.
DROP TABLE IF EXISTS ZipCode;
CREATE TABLE ZipCode (
    ZipCode VARCHAR(20) PRIMARY KEY,
    State VARCHAR(50),
    Country VARCHAR(50)
);
CALL LogEvent('ZipCode Table Creation');
CALL LogEvent('ZipCode Table Created!');

-- Create the Addresses table
-- This table stores addresses and has a unique Zip Code constraint.
DROP TABLE IF EXISTS Address;
CREATE TABLE Address (
    AddressID INT,
    Street VARCHAR(100),
    City VARCHAR(50),
    ZipCode VARCHAR(20) UNIQUE,
    PRIMARY KEY (AddressID, ZipCode),
    FOREIGN KEY (ZipCode) REFERENCES ZipCode(ZipCode) ON DELETE RESTRICT -- Prevent deletion if there is at least one address with that Zip Code
);
CALL LogEvent('Address Table Creation');
CALL LogEvent('Address Table Created!');


-- Create the Department table
-- This table stores information about different departments in the company.
DROP TABLE IF EXISTS Department;
CREATE TABLE Department (
    DepartmentID INT PRIMARY KEY,
    Description VARCHAR(100),
    Location VARCHAR(100)
);
CALL LogEvent('Department Table Creation');
CALL LogEvent('Department Table Created!');


-- Create Employees table
-- This table stores information about employees, including their department, joining date, and salary.
DROP TABLE IF EXISTS Employee;
CREATE TABLE Employee (
    EmployeeID INT,
    FirstName VARCHAR(100),
    LastName VARCHAR(100),
    JoiningDate DATE,
    Salary DECIMAL(10,2), -- DECIMAL datatype with precision 10 and scale 2 for storing salaries with 2 decimal places
    DepartmentID INT,
    PRIMARY KEY (EmployeeID, DepartmentID),
    FOREIGN KEY (DepartmentID) REFERENCES Department(DepartmentID)
        ON DELETE RESTRICT -- Makes it impossible to delete any department with employees working on it
);


-- Create the Customers table with an identifying relationship
-- This table stores customer information, including their address.
DROP TABLE IF EXISTS Customer;
CREATE TABLE Customer (
    CustomerID INT,
    FirstName VARCHAR(100),
    LastName VARCHAR(100),
    Email VARCHAR(50),
    PhoneNumber VARCHAR(20),
    TaxpayerNumber INT UNIQUE,
    AddressID INT,
    PRIMARY KEY (CustomerID, AddressID),  -- Composite primary key
    FOREIGN KEY (AddressID) REFERENCES Address(AddressID) ON DELETE RESTRICT -- Prevent deletion of AddressID if there is at least one customer with that AddressID
);

CALL LogEvent('Customer Table Creation');
CALL LogEvent('Customer Table Created!');


-- Create Genre table
-- This table stores information about different genres of video games.
DROP TABLE IF EXISTS Genre;
CREATE TABLE Genre (
    GenreID INT PRIMARY KEY,
    Genre VARCHAR(50)
);
CALL LogEvent('Genre Table Creation');
CALL LogEvent('Genre Table Created!');


-- Publishers table
-- This table stores information about different game publishers.
DROP TABLE IF EXISTS Publisher;
CREATE TABLE Publisher (
    PublisherID INT PRIMARY KEY,
    Publisher VARCHAR(50)
);
CALL LogEvent('Publisher Table Creation');
CALL LogEvent('Publisher Table Created!');


-- Platforms table
-- This table stores information about different gaming platforms.
DROP TABLE IF EXISTS Platform;
CREATE TABLE Platform (
    PlatformID INT PRIMARY KEY,
    Platform VARCHAR(50)
);
CALL LogEvent('Platform Table Creation');
CALL LogEvent('Platform Table Created!');


-- Create VideoGame table
-- This table stores information about video games, including their genre, publisher, and platform.
DROP TABLE IF EXISTS VideoGame;
CREATE TABLE VideoGame (
    VideoGameID INT,
    Title VARCHAR(100),
    Game_Description TEXT,
    ReleaseDate DATE,
    Price DECIMAL(10,2), -- DECIMAL datatype with precision 10 and scale 2 for storing prices with 2 decimal places
    OnlineMode INT,
    GenreID INT NULL,
    PublisherID INT,
    PlatformID INT,
    PRIMARY KEY (VideoGameID),  -- Composite primary key
    FOREIGN KEY (GenreID) REFERENCES Genre(GenreID) ON DELETE SET NULL, -- Set genre attribute to NULL if the corresponding genre is deleted
    FOREIGN KEY (PlatformID) REFERENCES Platform(PlatformID) ON DELETE SET NULL, -- Set platform attribute to NULL if the corresponding platform is deleted
    FOREIGN KEY (PublisherID) REFERENCES Publisher(PublisherID) ON DELETE SET NULL -- Set publisher attribute to NULL if the corresponding publisher is deleted
);

CALL LogEvent('VideoGame Table Creation');
CALL LogEvent('VideoGame Table Created!');


-- Create Order table with an identifying relationship
-- This table stores information about orders, including the associated customer, employee, and video game.
DROP TABLE IF EXISTS `Order`;
CREATE TABLE `Order` (
    OrderID INT AUTO_INCREMENT,
    OrderDate DATETIME,
    ShipDate DATE,
    CustomerID INT,
    EmployeeID INT,
    VideoGameID INT,
    PRIMARY KEY (OrderID, CustomerID, EmployeeID, VideoGameID),  -- Composite primary key
    FOREIGN KEY (CustomerID) REFERENCES Customer(CustomerID) ON DELETE RESTRICT ON UPDATE CASCADE, -- RESTRICT deletion if there is at least one order involving the customer
    FOREIGN KEY (VideoGameID) REFERENCES VideoGame(VideoGameID) ON DELETE RESTRICT ON UPDATE CASCADE, -- RESTRICT deletion if there is at least one order involving the video game
    FOREIGN KEY (EmployeeID) REFERENCES Employee(EmployeeID) ON DELETE RESTRICT ON UPDATE CASCADE -- RESTRICT deletion if there is at least one order involving the employee
);

-- Create an index on the OrderDate attribute to improve query performance for operations involving this field
CREATE INDEX idx_orderdate ON `Order` (OrderDate);

CALL LogEvent('Order Table Creation');
CALL LogEvent('Order Table Created!');


-- Create OrderDetails table with an identifying relationship
-- This table stores information about order details, including the quantity, total amount, and associated order and video game.
DROP TABLE IF EXISTS OrderDetail;
CREATE TABLE OrderDetail (
    OrderDetailID INT,
    Quantity INT,
    TotalAmount DECIMAL(10,2), -- DECIMAL datatype with precision 10 and scale 2 for storing total amounts with 2 decimal places
    OrderID INT,
    PRIMARY KEY (OrderDetailID, OrderID),  -- Composite primary key
    FOREIGN KEY (OrderID) REFERENCES `Order`(OrderID) ON DELETE RESTRICT ON UPDATE CASCADE -- RESTRICT deletion if there is at least one order detail corresponding to the order and update if the correspondent order is updated
);

CALL LogEvent('OrderDetail Table Creation');
CALL LogEvent('OrderDetail Table Created!');


-- Create Supplier table
-- This table stores information about suppliers, including contact details and identification numbers.
DROP TABLE IF EXISTS Supplier;
CREATE TABLE Supplier (
    SupplierID INT PRIMARY KEY,
    SupplierName VARCHAR(100),
    ContactName VARCHAR(50),
    ContactEmail VARCHAR(50),
    PhoneNumber VARCHAR(20),
    CPIN INT -- Collective Person Identification Number
);
CALL LogEvent('Supplier Table Creation');
CALL LogEvent('Supplier Table Created!');


-- Create SupplierOrder table
-- This table stores information about supplier orders, including order and delivery dates, status, and associated supplier.
DROP TABLE IF EXISTS SupplierOrder;
CREATE TABLE SupplierOrder (
    SupplierOrderID INT AUTO_INCREMENT,
    OrderDate DATETIME,
    DeliveryDate DATE,
    SupplierID INT,
    Status VARCHAR(50),
    PRIMARY KEY (SupplierOrderID, SupplierID),
    FOREIGN KEY (SupplierID) REFERENCES Supplier(SupplierID) ON DELETE RESTRICT -- Prevent deletion if there is at least one SupplierOrder involving a correspondent Supplier
);

CALL LogEvent('SupplierOrder Table Creation');
CALL LogEvent('SupplierOrder Table Created!');


-- Create Inventory table with an identifying relationship
-- This table stores information about inventory, including stock quantity, associated video game, and supplier order.
DROP TABLE IF EXISTS Inventory;
CREATE TABLE Inventory (
    StockQuantity INT,
    VideoGameID INT,
    SupplierOrderID INT,
    PRIMARY KEY (VideoGameID, SupplierOrderID),
    FOREIGN KEY (VideoGameID) REFERENCES VideoGame(VideoGameID) ON DELETE RESTRICT, -- Prevent deletion of associated video game
    FOREIGN KEY (SupplierOrderID) REFERENCES SupplierOrder(SupplierOrderID) ON DELETE RESTRICT -- Prevent deletion of associated supplier order
);

CALL LogEvent('Inventory Table Creation');
CALL LogEvent('Inventory Table Created!');


-- Create Rating table with an identifying relationship
-- This table stores information about ratings given by customers to video games.
DROP TABLE IF EXISTS Rating;
CREATE TABLE Rating (
    RatingID INT,
    Rating INT,
    ReviewText TEXT,
    RatingDate DATETIME,
    CustomerID INT,
    VideoGameID INT,
    PRIMARY KEY (RatingID),
    FOREIGN KEY (CustomerID) REFERENCES Customer(CustomerID) ON DELETE CASCADE ON UPDATE CASCADE, -- Delete all ratings given by deleted customers
    FOREIGN KEY (VideoGameID) REFERENCES VideoGame(VideoGameID) ON DELETE SET NULL ON UPDATE CASCADE -- Set VideoGame attribute to NULL if the corresponding video game is deleted
);

-- Creating an index on VideoGameID in the Rating table
CREATE INDEX idx_videogameid_rating ON Rating (VideoGameID);

-- Creating an index on CustomerID in the Rating table
CREATE INDEX idx_customerid_rating ON Rating (CustomerID);

CALL LogEvent('Rating Table Creation');
CALL LogEvent('Rating Table Created!');

-- Add a CHECK constraint to enforce the rating range (0 as minimum and 10 as maximum)
ALTER TABLE Rating
ADD CONSTRAINT chk_RatingRange CHECK (Rating >= 0 AND Rating <= 10);


-- TRIGGER CREATION

-- Set a different delimiter to handle semicolons within the trigger code
DELIMITER //

-- Create a BEFORE UPDATE trigger on the Inventory table
CREATE TRIGGER create_supplier_order
BEFORE UPDATE ON Inventory
FOR EACH ROW
BEGIN
    -- Check if StockQuantity is going to be set to 0
    IF NEW.StockQuantity <= 0 THEN
        -- Insert a new row into SupplierOrder
        -- This trigger is designed to automatically create a supplier order
        -- when the StockQuantity of an item in the Inventory table is updated to 0.
        -- It sets the OrderDate to the current date and the DeliveryDate to one year from the current date.
        -- The SupplierID is set to 5, and the Status is set to 'Waiting for delivering'.
        INSERT INTO SupplierOrder (OrderDate, DeliveryDate, SupplierID, Status)
        VALUES (NOW(), DATE_ADD(NOW(), INTERVAL 1 YEAR), 5, 'Waiting for delivering');
    ELSE
        -- If StockQuantity is not going to be 0, simply decrement StockQuantity by 1.
        SET NEW.StockQuantity = NEW.StockQuantity;
    END IF;
END //

-- Reset the delimiter back to semicolon
DELIMITER ;

-- Create a trigger for logging changes in the Inventory table
DELIMITER //

-- This trigger is designed to log changes in the Inventory table after an update operation.
CREATE TRIGGER log_inventory_changes
AFTER UPDATE ON Inventory
FOR EACH ROW
BEGIN
    -- Insert a log entry indicating that a new order is created
    INSERT INTO Log (EventDescription, EventDate)
    VALUES (CONCAT('New Order created!'), NOW());
END //

-- Reset the delimiter back to semicolon
DELIMITER ;

-- Set a different delimiter for the function creation
DELIMITER //


-- This function encapsulates the logic of creating an order and updating the inventory
-- It is defined to automate the order creation and inventory management
CREATE FUNCTION CreateOrder(p_VideoGameID INT, p_Quantity INT)
RETURNS INT
DETERMINISTIC
BEGIN
    -- Create a new order with given details
    INSERT INTO `Order` (OrderDate, ShipDate, CustomerID, EmployeeID, VideoGameID)
    VALUES (NOW(), DATE_ADD(NOW(), INTERVAL 1 YEAR), 5, 1, p_VideoGameID);
    
    -- Update the inventory by reducing the stock quantity
    -- Ensures inventory levels are adjusted as per the new order
    UPDATE Inventory
    SET StockQuantity = StockQuantity - p_Quantity
    WHERE VideoGameID = p_VideoGameID;
    
    -- Returns 0 as an indication of successful execution
    -- This function is more about performing actions rather than returning a value
    RETURN 0;
END //

-- Reset the delimiter back to semicolon
DELIMITER ;

-- Set a different delimiter for the trigger creation
DELIMITER //


-- This trigger is designed to log an entry after an order is created.
CREATE TRIGGER after_order_create
AFTER INSERT ON `Order`
FOR EACH ROW
BEGIN
    -- Insert a log entry indicating that an order has been created for a specific VideoGameID
    INSERT INTO Log (EventDescription, EventDate)
    VALUES (CONCAT('Order created for VideoGameID ', NEW.VideoGameID), NOW());
END //

-- Reset the delimiter back to semicolon
DELIMITER ;


-- MOCK DATA INSERTION --

###################################################################################################################################################
# ----------------------------------------------------------------ZIPCODE TABLE----------------------------------------------------------------------
###################################################################################################################################################

INSERT INTO ZipCode (ZipCode, State, Country) VALUES
	('1000-100', 'Lisboa', 'Portugal'),
	('1000-101', 'Lisboa', 'Portugal'),
	('1000-102', 'Lisboa', 'Portugal'),
	('1000-103', 'Lisboa', 'Portugal'),
	('1000-104', 'Lisboa', 'Portugal'),
	('1000-105', 'Lisboa', 'Portugal'),
	('1000-106', 'Lisboa', 'Portugal'),
	('1000-107', 'Lisboa', 'Portugal'),
	('1000-108', 'Lisboa', 'Portugal'),
	('1000-109', 'Lisboa', 'Portugal'),
	('1000-110', 'Lisboa', 'Portugal'),
	('1000-111', 'Lisboa', 'Portugal'),
	('1000-112', 'Lisboa', 'Portugal'),
	('1000-113', 'Lisboa', 'Portugal'),
	('1000-114', 'Lisboa', 'Portugal'),
	('1000-115', 'Lisboa', 'Portugal'),
	('1000-116', 'Lisboa', 'Portugal'),
	('1000-117', 'Lisboa', 'Portugal'),
	('1000-118', 'Lisboa', 'Portugal'),
	('1000-119', 'Lisboa', 'Portugal'),
	('1000-120', 'Lisboa', 'Portugal'),
	('1000-121', 'Lisboa', 'Portugal'),
	('1000-122', 'Lisboa', 'Portugal'),
	('1000-123', 'Lisboa', 'Portugal'),
	('1000-124', 'Lisboa', 'Portugal'),
	('1000-125', 'Lisboa', 'Portugal'),
	('1000-126', 'Lisboa', 'Portugal'),
	('1000-127', 'Lisboa', 'Portugal'),
	('1000-128', 'Lisboa', 'Portugal'),
	('1000-129', 'Lisboa', 'Portugal'),
	('1000-130', 'Lisboa', 'Portugal'),
	('1000-131', 'Lisboa', 'Portugal'),
	('1000-132', 'Lisboa', 'Portugal'),
	('1000-133', 'Lisboa', 'Portugal'),
	('1000-134', 'Lisboa', 'Portugal'),
	('1000-135', 'Lisboa', 'Portugal'),
	('1000-136', 'Lisboa', 'Portugal'),
	('1000-137', 'Lisboa', 'Portugal'),
	('1000-138', 'Lisboa', 'Portugal'),
	('1000-139', 'Lisboa', 'Portugal'),
	('1000-140', 'Lisboa', 'Portugal'),
	('1000-141', 'Lisboa', 'Portugal'),
	('1000-142', 'Lisboa', 'Portugal'),
	('1000-143', 'Lisboa', 'Portugal'),
	('1000-144', 'Lisboa', 'Portugal'),
	('1000-145', 'Lisboa', 'Portugal'),
	('1000-146', 'Lisboa', 'Portugal'),
	('1000-147', 'Lisboa', 'Portugal'),
	('1000-148', 'Lisboa', 'Portugal'),
	('3000-150', 'Porto', 'Portugal'),
	('3000-151', 'Porto', 'Portugal'),
	('3000-152', 'Porto', 'Portugal'),
	('3000-153', 'Porto', 'Portugal'),
	('3000-154', 'Porto', 'Portugal'),
	('3000-155', 'Porto', 'Portugal'),
	('3000-156', 'Porto', 'Portugal'),
	('3000-157', 'Porto', 'Portugal'),
	('3000-158', 'Porto', 'Portugal'),
	('3000-159', 'Porto', 'Portugal'),
	('3000-160', 'Porto', 'Portugal'),
	('3000-161', 'Porto', 'Portugal'),
	('3000-162', 'Porto', 'Portugal'),
	('3000-163', 'Porto', 'Portugal'),
	('3000-164', 'Porto', 'Portugal'),
	('3000-165', 'Porto', 'Portugal'),
	('3000-166', 'Porto', 'Portugal'),
	('3000-167', 'Porto', 'Portugal'),
	('3000-168', 'Porto', 'Portugal'),
	('3000-169', 'Porto', 'Portugal'),
	('3000-170', 'Porto', 'Portugal'),
	('3000-171', 'Porto', 'Portugal'),
	('3000-172', 'Porto', 'Portugal'),
	('3000-173', 'Porto', 'Portugal'),
	('3000-174', 'Porto', 'Portugal'),
	('3000-175', 'Porto', 'Portugal'),
	('3000-176', 'Porto', 'Portugal'),
	('3000-177', 'Porto', 'Portugal'),
	('3000-178', 'Porto', 'Portugal'),
	('3000-179', 'Porto', 'Portugal'),
	('3000-180', 'Porto', 'Portugal'),
	('3000-181', 'Porto', 'Portugal'),
	('3000-182', 'Porto', 'Portugal'),
	('3000-183', 'Porto', 'Portugal'),
	('3000-184', 'Porto', 'Portugal'),
	('3000-185', 'Porto', 'Portugal'),
	('3000-186', 'Porto', 'Portugal'),
	('3000-187', 'Porto', 'Portugal'),
	('3000-188', 'Porto', 'Portugal'),
	('3000-189', 'Porto', 'Portugal'),
	('3000-190', 'Porto', 'Portugal'),
	('3000-191', 'Porto', 'Portugal'),
	('3000-192', 'Porto', 'Portugal'),
	('3000-193', 'Porto', 'Portugal'),
	('3000-194', 'Porto', 'Portugal'),
	('3000-195', 'Porto', 'Portugal'),
	('3000-196', 'Porto', 'Portugal'),
	('3000-197', 'Porto', 'Portugal'),
	('3000-198', 'Porto', 'Portugal'),
	('3000-199', 'Porto', 'Portugal'),
	('3000-200', 'Porto', 'Portugal'),
	('8000-250', 'Faro', 'Portugal'),
	('8000-251', 'Faro', 'Portugal'),
	('8000-252', 'Faro', 'Portugal'),
	('8000-253', 'Faro', 'Portugal'),
	('8000-254', 'Faro', 'Portugal'),
	('8000-255', 'Faro', 'Portugal'),
	('8000-256', 'Faro', 'Portugal'),
	('8000-257', 'Faro', 'Portugal'),
	('8000-258', 'Faro', 'Portugal'),
	('8000-259', 'Faro', 'Portugal'),
	('8000-260', 'Faro', 'Portugal'),
	('8000-261', 'Faro', 'Portugal'),
	('8000-262', 'Faro', 'Portugal'),
	('8000-263', 'Faro', 'Portugal'),
	('8000-264', 'Faro', 'Portugal'),
	('8000-265', 'Faro', 'Portugal'),
	('8000-266', 'Faro', 'Portugal'),
	('8000-267', 'Faro', 'Portugal'),
	('8000-268', 'Faro', 'Portugal'),
	('8000-269', 'Faro', 'Portugal'),
	('8000-270', 'Faro', 'Portugal'),
	('8000-271', 'Faro', 'Portugal'),
	('8000-272', 'Faro', 'Portugal'),
	('8000-273', 'Faro', 'Portugal'),
	('8000-274', 'Faro', 'Portugal'),
	('8000-275', 'Faro', 'Portugal'),
	('8000-276', 'Faro', 'Portugal'),
	('8000-277', 'Faro', 'Portugal'),
	('8000-278', 'Faro', 'Portugal'),
	('8000-279', 'Faro', 'Portugal'),
	('8000-280', 'Faro', 'Portugal'),
	('8000-281', 'Faro', 'Portugal'),
	('8000-282', 'Faro', 'Portugal'),
	('8000-283', 'Faro', 'Portugal'),
	('8000-284', 'Faro', 'Portugal'),
	('8000-285', 'Faro', 'Portugal'),
	('8000-286', 'Faro', 'Portugal'),
	('8000-287', 'Faro', 'Portugal'),
	('8000-288', 'Faro', 'Portugal'),
	('8000-289', 'Faro', 'Portugal'),
	('8000-290', 'Faro', 'Portugal'),
	('8000-291', 'Faro', 'Portugal'),
	('8000-292', 'Faro', 'Portugal'),
	('8000-293', 'Faro', 'Portugal'),
	('8000-294', 'Faro', 'Portugal'),
	('8000-295', 'Faro', 'Portugal'),
	('8000-296', 'Faro', 'Portugal'),
	('8000-297', 'Faro', 'Portugal');
/*
###################################################################################################################################################
----------------------------------------------------------------ADDRESS TABLE----------------------------------------------------------------------
###################################################################################################################################################
*/
INSERT INTO Address (AddressID, Street, City, ZipCode) VALUES
	('1', 'Grasskamp', 'Lisboa', '1000-100'),
	('2', 'Declaration', 'Lisboa', '1000-101'),
	('3', 'Miller', 'Lisboa', '1000-102'),
	('4', 'Susan', 'Lisboa', '1000-103'),
	('5', 'Meadow Ridge', 'Lisboa', '1000-104'),
	('6', 'Armistice', 'Lisboa', '1000-105'),
	('7', 'Dakota', 'Lisboa', '1000-106'),
	('8', 'Oneill', 'Lisboa', '1000-107'),
	('9', 'Monument', 'Lisboa', '1000-108'),
	('10', 'Badeau', 'Lisboa', '1000-109'),
	('11', 'Prairieview', 'Lisboa', '1000-110'),
	('12', 'Sauthoff', 'Lisboa', '1000-111'),
	('13', 'Red Cloud', 'Lisboa', '1000-112'),
	('14', 'Dakota', 'Lisboa', '1000-113'),
	('15', 'Eliot', 'Lisboa', '1000-114'),
	('16', 'Calypso', 'Lisboa', '1000-115'),
	('17', 'Esker', 'Lisboa', '1000-116'),
	('18', 'Dunning', 'Lisboa', '1000-117'),
	('19', 'Pearson', 'Lisboa', '1000-118'),
	('20', 'Vermont', 'Lisboa', '1000-119'),
	('21', 'Emmet', 'Lisboa', '1000-120'),
	('22', 'Trailsway', 'Lisboa', '1000-121'),
	('23', 'Columbus', 'Lisboa', '1000-122'),
	('24', 'Maple Wood', 'Lisboa', '1000-123'),
	('25', 'Upham', 'Lisboa', '1000-124'),
	('26', 'Reinke', 'Lisboa', '1000-125'),
	('27', 'Pepper Wood', 'Lisboa', '1000-126'),
	('28', 'Nova', 'Lisboa', '1000-127'),
	('29', 'Hudson', 'Lisboa', '1000-128'),
	('30', 'Boyd', 'Lisboa', '1000-129'),
	('31', 'Mayer', 'Lisboa', '1000-130'),
	('32', 'Kennedy', 'Lisboa', '1000-131'),
	('33', 'Swallow', 'Lisboa', '1000-132'),
	('34', 'Corben', 'Lisboa', '1000-133'),
	('35', 'Maple', 'Lisboa', '1000-134'),
	('36', 'Utah', 'Lisboa', '1000-135'),
	('37', 'Meadow Valley', 'Lisboa', '1000-136'),
	('38', 'Sunfield', 'Lisboa', '1000-137'),
	('39', 'Northridge', 'Lisboa', '1000-138'),
	('40', 'Sugar', 'Lisboa', '1000-139'),
	('41', 'Esker', 'Lisboa', '1000-140'),
	('42', 'Shoshone', 'Lisboa', '1000-141'),
	('43', 'Macpherson', 'Lisboa', '1000-142'),
	('44', 'Melody', 'Lisboa', '1000-143'),
	('45', 'Boyd', 'Lisboa', '1000-144'),
	('46', 'Surrey', 'Lisboa', '1000-145'),
	('47', 'Union', 'Lisboa', '1000-146'),
	('48', 'Lighthouse Bay', 'Lisboa', '1000-147'),
	('49', 'Lindbergh', 'Lisboa', '1000-148'),
	('50', 'Oriole', 'Porto', '3000-150'),
	('51', 'Montana', 'Porto', '3000-151'),
	('52', 'Cordelia', 'Porto', '3000-152'),
	('53', 'Luster', 'Porto', '3000-153'),
	('54', 'Mifflin', 'Porto', '3000-154'),
	('55', 'Sycamore', 'Porto', '3000-155'),
	('56', 'Morning', 'Porto', '3000-156'),
	('57', 'Hermina', 'Porto', '3000-157'),
	('58', 'Thackeray', 'Porto', '3000-158'),
	('59', '1st', 'Porto', '3000-159'),
	('60', 'Loftsgordon', 'Porto', '3000-160'),
	('61', 'Bayside', 'Porto', '3000-161'),
	('62', 'Golf View', 'Porto', '3000-162'),
	('63', 'Rieder', 'Porto', '3000-163'),
	('64', 'Golf View', 'Porto', '3000-164'),
	('65', 'Fairfield', 'Porto', '3000-165'),
	('66', '7th', 'Porto', '3000-166'),
	('67', 'Lukken', 'Porto', '3000-167'),
	('68', 'Bay', 'Porto', '3000-168'),
	('69', 'Transport', 'Porto', '3000-169'),
	('70', 'Kenwood', 'Porto', '3000-170'),
	('71', 'Fremont', 'Porto', '3000-171'),
	('72', 'Gulseth', 'Porto', '3000-172'),
	('73', 'Hooker', 'Porto', '3000-173'),
	('74', 'Raven', 'Porto', '3000-174'),
	('75', 'Nobel', 'Porto', '3000-175'),
	('76', 'Thompson', 'Porto', '3000-176'),
	('77', 'Summerview', 'Porto', '3000-177'),
	('78', 'Columbus', 'Porto', '3000-178'),
	('79', 'Eastwood', 'Porto', '3000-179'),
	('80', 'Westridge', 'Porto', '3000-180'),
	('81', 'Fordem', 'Porto', '3000-181'),
	('82', 'Mitchell', 'Porto', '3000-182'),
	('83', 'Village', 'Porto', '3000-183'),
	('84', 'Oak', 'Porto', '3000-184'),
	('85', 'Dryden', 'Porto', '3000-185'),
	('86', 'Nobel', 'Porto', '3000-186'),
	('87', 'Sunfield', 'Porto', '3000-187'),
	('88', 'Rieder', 'Porto', '3000-188'),
	('89', 'Messerschmidt', 'Porto', '3000-189'),
	('90', 'Arkansas', 'Porto', '3000-190'),
	('91', 'Homewood', 'Porto', '3000-191'),
	('92', 'Sachs', 'Porto', '3000-192'),
	('93', 'Tennyson', 'Porto', '3000-193'),
	('94', 'Truax', 'Porto', '3000-194'),
	('95', 'Everett', 'Porto', '3000-195'),
	('96', 'Calypso', 'Porto', '3000-196'),
	('97', 'Mesta', 'Porto', '3000-197'),
	('98', 'Mendota', 'Porto', '3000-198'),
	('99', 'Mayfield', 'Porto', '3000-199'),
	('100', 'Raven', 'Porto', '3000-200'),
	('101', 'Village', 'Faro', '8000-250'),
	('102', 'Paget', 'Faro', '8000-251'),
	('103', 'Crest Line', 'Faro', '8000-252'),
	('104', 'Prentice', 'Faro', '8000-253'),
	('105', 'Union', 'Faro', '8000-254'),
	('106', '3rd', 'Faro', '8000-255'),
	('107', 'Butterfield', 'Faro', '8000-256'),
	('108', 'Jay', 'Faro', '8000-257'),
	('109', 'Northland', 'Faro', '8000-258'),
	('110', 'Bunting', 'Faro', '8000-259'),
	('111', 'Trailsway', 'Faro', '8000-260'),
	('112', 'Crescent Oaks', 'Faro', '8000-261'),
	('113', 'Anthes', 'Faro', '8000-262'),
	('114', 'Melby', 'Faro', '8000-263'),
	('115', 'Hudson', 'Faro', '8000-264'),
	('116', 'Melrose', 'Faro', '8000-265'),
	('117', 'Alpine', 'Faro', '8000-266'),
	('118', 'Sherman', 'Faro', '8000-267'),
	('119', 'Bartelt', 'Faro', '8000-268'),
	('120', 'Washington', 'Faro', '8000-269'),
	('121', 'Grasskamp', 'Faro', '8000-270'),
	('122', 'Kedzie', 'Faro', '8000-271'),
	('123', 'Carpenter', 'Faro', '8000-272'),
	('124', 'Sloan', 'Faro', '8000-273'),
	('125', 'Chinook', 'Faro', '8000-274'),
	('126', 'Pierstorff', 'Faro', '8000-275'),
	('127', 'Cottonwood', 'Faro', '8000-276'),
	('128', 'Logan', 'Faro', '8000-277'),
	('129', 'Maryland', 'Faro', '8000-278'),
	('130', 'Tony', 'Faro', '8000-279'),
	('131', 'Miller', 'Faro', '8000-280'),
	('132', 'Badeau', 'Faro', '8000-281'),
	('133', 'Bunker Hill', 'Faro', '8000-282'),
	('134', 'Stone Corner', 'Faro', '8000-283'),
	('135', 'Mockingbird', 'Faro', '8000-284'),
	('136', 'Becker', 'Faro', '8000-285'),
	('137', 'School', 'Faro', '8000-286'),
	('138', 'Dryden', 'Faro', '8000-287'),
	('139', 'Pine View', 'Faro', '8000-288'),
	('140', 'Jenna', 'Faro', '8000-289'),
	('141', 'Paget', 'Faro', '8000-290'),
	('142', 'Gina', 'Faro', '8000-291'),
	('143', 'Hauk', 'Faro', '8000-292'),
	('144', '7th', 'Faro', '8000-293'),
	('145', 'Spohn', 'Faro', '8000-294'),
	('146', 'Graedel', 'Faro', '8000-295'),
	('147', 'Towne', 'Faro', '8000-296'),
	('148', 'Esch', 'Faro', '8000-297');
/*
###################################################################################################################################################
----------------------------------------------------------------DEPARTMENT TABLE----------------------------------------------------------------------
###################################################################################################################################################
*/
INSERT INTO Department (DepartmentID, Description, Location) VALUES
	('1', 'Sales', 'Lisboa'),
	('2', 'Human Recruitments', 'Lisboa'),
	('3', 'Markting', 'Lisboa');    

/*
###################################################################################################################################################
----------------------------------------------------------------EMPLOYEE TABLE----------------------------------------------------------------------
###################################################################################################################################################
*/
INSERT INTO Employee (EmployeeID, FirstName, LastName, JoiningDate, Salary, DepartmentID) VALUES
	('1', 'Jere', 'Hallowes', '2015-06-30', '73.39', '1'),
	('2', 'Sheryl', 'Goodanew', '2008-06-19', '62.92', '1'),
	('3', 'Cortie', 'Guilloud', '2021-07-16', '129.38', '1'),
	('4', 'Amandy', 'Jerromes', '2003-08-13', '63.34', '2'),
	('5', 'La verne', 'Greenhill', '2015-03-25', '97.91', '1'),
	('6', 'Dasya', 'Bownas', '2021-12-21', '139.16', '1'),
	('7', 'Bradan', 'Bett', '2009-07-31', '49.36', '2'),
	('8', 'Brittne', 'Junkin', '2002-06-10', '62.71', '2'),
	('9', 'Ignazio', 'Izkovitch', '1999-09-13', '52.64', '2'),
	('10', 'Neale', 'Boxhall', '2018-02-08', '139.01', '3'),
	('11', 'Basil', 'Thorns', '2023-08-17', '85.89', '3'),
	('12', 'Starlin', 'Crossingham', '2004-11-03', '101.79', '3'),
	('13', 'Marylin', 'Gibling', '2005-03-15', '94.75', '3'),
	('14', 'Janet', 'Kenrat', '2023-09-02', '147.26', '1'),
	('15', 'Leontine', 'Mutch', '2017-11-02', '99.08', '2'),
	('16', 'Matilde', 'McAllan', '2001-01-02', '136.51', '3'),
	('17', 'Archy', 'Suatt', '2005-08-29', '105.96', '2'),
	('18', 'Kandace', 'Mix', '2005-01-29', '135.44', '3'),
	('19', 'Jordan', 'Dunston', '2005-10-06', '80.02', '3'),
	('20', 'Xymenes', 'Shipley', '2002-07-04', '130.63', '1');
/*

/*
###################################################################################################################################################
----------------------------------------------------------------CUSTOMER TABLE----------------------------------------------------------------------
###################################################################################################################################################
*/
INSERT INTO Customer (CustomerID, FirstName, LastName, Email, PhoneNumber, TaxpayerNumber, AddressID) VALUES
	('1', 'Celka', 'Camier', 'ccamier0@google.fr', '829-697-7690', '238968545', '1'),
	('2', 'Rhianna', 'Tenaunt', 'rtenaunt1@washington.edu', '727-964-3863', '194939419', '2'),
	('3', 'Staffard', 'Sinnat', 'ssinnat2@google.com.br', '712-337-1742', '163612264', '3'),
	('4', 'Josselyn', 'Handaside', 'jhandaside3@alibaba.com', '266-598-1651', '133293627', '4'),
	('5', 'Larine', 'Ruffey', 'lruffey4@uiuc.edu', '861-950-6097', '218653564', '5'),
	('6', 'Denys', 'MacDearmont', 'dmacdearmont5@blogtalkradio.com', '961-812-0000', '142775856', '6'),
	('7', 'Daisy', 'Galton', 'dgalton6@nymag.com', '477-747-4068', '137686217', '7'),
	('8', 'Fedora', 'East', 'feast7@google.co.uk', '239-430-7010', '168610534', '8'),
	('9', 'Filia', 'Dwire', 'fdwire8@trellian.com', '145-406-1917', '267237017', '9'),
	('10', 'Prue', 'Keat', 'pkeat9@hp.com', '614-188-3977', '186729755', '10'),
	('11', 'Gregor', 'Abramson', 'gabramsona@multiply.com', '668-347-8493', '297188878', '11'),
	('12', 'Chrystel', 'Metrick', 'cmetrickb@comsenz.com', '638-957-7706', '105268885', '12'),
	('13', 'Barbabra', 'Dewhurst', 'bdewhurstc@networkadvertising.org', '775-154-7452', '258415848', '13'),
	('14', 'Cherin', 'Ferrie', 'cferried@kickstarter.com', '204-661-9216', '202459021', '14'),
	('15', 'Reggis', 'Kahan', 'rkahane@symantec.com', '140-116-4899', '265726780', '15'),
	('16', 'Goldy', 'MacNucator', 'gmacnucatorf@cafepress.com', '103-686-1990', '235586521', '16'),
	('17', 'Nickolaus', 'Brandi', 'nbrandig@apache.org', '189-193-9329', '262805991', '17'),
	('18', 'Cord', 'Shippard', 'cshippardh@pen.io', '169-313-4787', '223241181', '18'),
	('19', 'Evaleen', 'Lissimore', 'elissimorei@drupal.org', '969-964-8232', '195263150', '19'),
	('20', 'Jelene', 'Jost', 'jjostj@usgs.gov', '686-995-6566', '274327752', '20'),
	('21', 'Andy', 'Nazaret', 'anazaretk@google.com.br', '757-272-8292', '111906130', '21'),
	('22', 'Rafaelia', 'Iorillo', 'riorillol@mayoclinic.com', '371-283-8647', '290987450', '22'),
	('23', 'Jonah', 'Dusey', 'jduseym@drupal.org', '416-118-7815', '114222177', '23'),
	('24', 'Brooks', 'Capel', 'bcapeln@bloglines.com', '198-334-8180', '109991205', '24'),
	('25', 'Gwenny', 'Quartly', 'gquartlyo@youtu.be', '782-625-3189', '187895494', '25'),
	('26', 'Catie', 'Bentson', 'cbentsonp@posterous.com', '144-703-9705', '254460437', '26'),
	('27', 'Franni', 'Gerren', 'fgerrenq@nymag.com', '704-895-5117', '217095179', '27'),
	('28', 'Adorne', 'Bucklan', 'abucklanr@myspace.com', '497-566-6437', '291124208', '28'),
	('29', 'Wynn', 'Yukhtin', 'wyukhtins@paginegialle.it', '547-373-4014', '254177402', '29'),
	('30', 'Dru', 'Zeplin', 'dzeplint@delicious.com', '299-173-0376', '168617429', '30'),
	('31', 'Mohammed', 'Wiggin', 'mwigginu@ted.com', '758-480-6899', '212601038', '31'),
	('32', 'Sibylle', 'Edmead', 'sedmeadv@sbwire.com', '252-840-1759', '226015731', '32'),
	('33', 'Julio', 'Da Costa', 'jdacostaw@etsy.com', '185-850-9159', '293740686', '33'),
	('34', 'Alic', 'Umpleby', 'aumplebyx@bbb.org', '441-649-5172', '219802903', '34'),
	('35', 'Blondell', 'Rossiter', 'brossitery@biglobe.ne.jp', '876-487-8081', '169724652', '35'),
	('36', 'Klarika', 'Januszewicz', 'kjanuszewiczz@flickr.com', '963-154-6597', '217935608', '36'),
	('37', 'Andria', 'Peppett', 'apeppett10@examiner.com', '642-895-8748', '187547400', '37'),
	('38', 'Allx', 'Yakobovicz', 'ayakobovicz11@oaic.gov.au', '142-199-6360', '113519410', '38'),
	('39', 'Lesly', 'Slader', 'lslader12@howstuffworks.com', '683-153-4633', '205461221', '39'),
	('40', 'Rogerio', 'Krier', 'rkrier13@tinyurl.com', '644-112-4490', '189857218', '40'),
	('41', 'Nerissa', 'Eisikowitch', 'neisikowitch14@barnesandnoble.com', '592-907-2548', '234517298', '41'),
	('42', 'Kristo', 'Dewen', 'kdewen15@woothemes.com', '605-100-3834', '245526139', '42'),
	('43', 'Nelia', 'Shorbrook', 'nshorbrook16@ifeng.com', '101-952-6256', '215811406', '43'),
	('44', 'Jozef', 'Antonsen', 'jantonsen17@hexun.com', '210-120-7871', '280347466', '44'),
	('45', 'Linea', 'Barts', 'lbarts18@pagesperso-orange.fr', '433-971-0963', '192137631', '45'),
	('46', 'Camila', 'Barby', 'cbarby19@a8.net', '991-255-7187', '213741453', '46'),
	('47', 'Elberta', 'Grolle', 'egrolle1a@nymag.com', '576-315-2056', '123148761', '47'),
	('48', 'Cullan', 'Sclater', 'csclater1b@over-blog.com', '902-914-1297', '182746041', '48'),
	('49', 'Yves', 'Backshaw', 'ybackshaw1c@nature.com', '416-755-1495', '207470618', '49'),
	('50', 'Aurore', 'Showen', 'ashowen1d@wordpress.com', '167-991-5338', '184917243', '50'),
	('51', 'Bancroft', 'Jeanesson', 'bjeanesson1e@auda.org.au', '977-776-0487', '125913034', '51'),
	('52', 'Benjamen', 'Neissen', 'bneissen1f@google.es', '828-501-5779', '234901858', '52'),
	('53', 'Laurianne', 'Jurgensen', 'ljurgensen1g@fda.gov', '747-753-4302', '151616808', '53'),
	('54', 'Gerardo', 'Arends', 'garends1h@loc.gov', '752-469-4259', '261301907', '54'),
	('55', 'Trey', 'Hulkes', 'thulkes1i@newyorker.com', '960-164-6933', '121870039', '55'),
	('56', 'Amil', 'Joberne', 'ajoberne1j@bizjournals.com', '967-484-0625', '245107269', '56'),
	('57', 'Essy', 'Burford', 'eburford1k@exblog.jp', '362-179-8601', '294457043', '57'),
	('58', 'Clint', 'Ghidini', 'cghidini1l@hugedomains.com', '118-131-1591', '295369712', '58'),
	('59', 'Chancey', 'Oxbrow', 'coxbrow1m@last.fm', '616-173-3355', '288140138', '59'),
	('60', 'Glynis', 'Burrus', 'gburrus1n@aboutads.info', '579-706-3577', '296526154', '60'),
	('61', 'Brody', 'Pietrzak', 'bpietrzak1o@xrea.com', '864-605-9400', '275062074', '61'),
	('62', 'Alida', 'Youngman', 'ayoungman1p@washingtonpost.com', '750-509-0867', '266218156', '62'),
	('63', 'Giovanni', 'Luxmoore', 'gluxmoore1q@springer.com', '465-326-1358', '213621275', '63'),
	('64', 'Cori', 'Graddell', 'cgraddell1r@reddit.com', '543-775-5946', '122477906', '64'),
	('65', 'Violet', 'Bygrove', 'vbygrove1s@netscape.com', '918-647-4891', '228208559', '65'),
	('66', 'Zabrina', 'Rowth', 'zrowth1t@mac.com', '608-546-8719', '223135396', '66'),
	('67', 'Delila', 'Mossom', 'dmossom1u@ifeng.com', '350-330-3232', '153044087', '67'),
	('68', 'Gabriellia', 'Higounet', 'ghigounet1v@multiply.com', '996-903-2159', '279123110', '68'),
	('69', 'Elizabet', 'De Vaan', 'edevaan1w@naver.com', '620-782-2515', '137332274', '69'),
	('70', 'Renard', 'Collyer', 'rcollyer1x@weibo.com', '362-543-2858', '277415656', '70'),
	('71', 'Artemus', 'Moland', 'amoland1y@cnet.com', '237-260-3516', '205213320', '71'),
	('72', 'Bonnibelle', 'Outram', 'boutram1z@tinypic.com', '470-848-7012', '247989174', '72'),
	('73', 'Ulysses', 'Luckin', 'uluckin20@rediff.com', '961-260-9628', '275215511', '73'),
	('74', 'Lukas', 'Gimbart', 'lgimbart21@plala.or.jp', '217-703-5980', '254374332', '74'),
	('75', 'Pennie', 'Nicholes', 'pnicholes22@irs.gov', '434-505-4823', '234902068', '75'),
	('76', 'Cord', 'Pavelin', 'cpavelin23@va.gov', '442-516-5231', '229219976', '76'),
	('77', 'Kent', 'Ciottoi', 'kciottoi24@google.de', '224-638-0450', '284950422', '77'),
	('78', 'Daryl', 'Bagg', 'dbagg25@rediff.com', '311-577-0422', '284756098', '78'),
	('79', 'Cesare', 'Wallicker', 'cwallicker26@timesonline.co.uk', '233-142-0222', '112118617', '79'),
	('80', 'Walt', 'Culpin', 'wculpin27@themeforest.net', '349-512-2587', '113070511', '80'),
	('81', 'Ginnifer', 'Shalders', 'gshalders28@go.com', '710-780-0930', '130042341', '81'),
	('82', 'Valencia', 'Djuricic', 'vdjuricic29@e-recht24.de', '524-797-8000', '218360274', '82'),
	('83', 'Spencer', 'Stolle', 'sstolle2a@oaic.gov.au', '116-101-3401', '185310318', '83'),
	('84', 'Adolf', 'Farnworth', 'afarnworth2b@deviantart.com', '689-535-7568', '251054186', '84'),
	('85', 'Adelina', 'Torbeck', 'atorbeck2c@constantcontact.com', '505-918-0856', '253156295', '85'),
	('86', 'Deanna', 'Strowger', 'dstrowger2d@google.pl', '281-188-3447', '222490119', '86'),
	('87', 'Tam', 'Board', 'tboard2e@wordpress.com', '529-601-5105', '116825275', '87'),
	('88', 'Myles', 'Brassington', 'mbrassington2f@census.gov', '328-790-6212', '164537658', '88'),
	('89', 'Ignacio', 'Gruby', 'igruby2g@go.com', '292-188-9228', '179376874', '89'),
	('90', 'Aleen', 'Forsythe', 'aforsythe2h@umn.edu', '861-502-0755', '176776114', '90'),
	('91', 'Kayne', 'Stagge', 'kstagge2i@myspace.com', '648-997-9386', '167937117', '91'),
	('92', 'Walker', 'Jacobsson', 'wjacobsson2j@about.me', '932-986-2060', '173738208', '92'),
	('93', 'Linda', 'Veldstra', 'lveldstra2k@omniture.com', '365-377-6420', '285471575', '93'),
	('94', 'Jodi', 'Godin', 'jgodin2l@indiegogo.com', '970-922-5485', '220657639', '94'),
	('95', 'Jere', 'Hallowes', 'jhallowes2m@smugmug.com', '602-468-7298', '122068031', '95'),
	('96', 'Sheryl', 'Goodanew', 'sgoodanew2n@flavors.me', '269-322-8183', '136556259', '96'),
	('97', 'Cortie', 'Guilloud', 'cguilloud2o@aboutads.info', '797-963-3330', '288000876', '97'),
	('98', 'Amandy', 'Jerromes', 'ajerromes2p@home.pl', '846-412-7930', '183374911', '98'),
	('99', 'La verne', 'Greenhill', 'lgreenhill2q@latimes.com', '518-403-7546', '208212506', '99'),
	('100', 'Dasya', 'Bownas', 'dbownas2r@gov.uk', '699-859-9623', '128183748', '100'),
	('101', 'Bradan', 'Bett', 'bbett2s@deviantart.com', '123-999-9146', '284712088', '101'),
	('102', 'Brittne', 'Junkin', 'bjunkin2t@thetimes.co.uk', '431-631-6109', '126731855', '102'),
	('103', 'Ignazio', 'Izkovitch', 'iizkovitch2u@google.pl', '887-924-1074', '203838441', '103'),
	('104', 'Neale', 'Boxhall', 'nboxhall2v@about.com', '807-603-4180', '197785724', '104'),
	('105', 'Basil', 'Thorns', 'bthorns2w@usda.gov', '961-418-3379', '102860060', '105'),
	('106', 'Starlin', 'Crossingham', 'scrossingham2x@privacy.gov.au', '557-732-5708', '140677693', '106'),
	('107', 'Marylin', 'Gibling', 'mgibling2y@purevolume.com', '679-662-3601', '291454445', '107'),
	('108', 'Janet', 'Kenrat', 'jkenrat2z@flavors.me', '229-917-5936', '202586521', '108'),
	('109', 'Leontine', 'Mutch', 'lmutch30@live.com', '909-515-4336', '250164643', '109'),
	('110', 'Matilde', 'McAllan', 'mmcallan31@oakley.com', '202-234-4153', '226100111', '110'),
	('111', 'Archy', 'Suatt', 'asuatt32@dmoz.org', '347-433-1225', '231253664', '111'),
	('112', 'Kandace', 'Mix', 'kmix33@blog.com', '363-735-0679', '275107868', '112'),
	('113', 'Jordan', 'Dunston', 'jdunston34@reddit.com', '508-666-0514', '296875217', '113'),
	('114', 'Xymenes', 'Shipley', 'xshipley35@ovh.net', '774-867-4429', '100036770', '114'),
	('115', 'Germayne', 'Pimme', 'gpimme36@psu.edu', '472-381-8381', '143088532', '115'),
	('116', 'Loutitia', 'Ridhole', 'lridhole37@lulu.com', '680-945-5027', '142473243', '116'),
	('117', 'Casey', 'Clotworthy', 'cclotworthy38@livejournal.com', '623-384-8494', '273130511', '117'),
	('118', 'Freddy', 'Rapaport', 'frapaport39@salon.com', '666-483-4188', '275146904', '118'),
	('119', 'Smith', 'Wayvill', 'swayvill3a@photobucket.com', '354-984-0453', '121771109', '119'),
	('120', 'Sarine', 'Fardell', 'sfardell3b@dailymotion.com', '548-770-5006', '108366784', '120'),
	('121', 'Ardine', 'Forstall', 'aforstall3c@themeforest.net', '210-784-7596', '298376512', '121'),
	('122', 'Becca', 'De Freyne', 'bdefreyne3d@hubpages.com', '609-832-4548', '260004660', '122'),
	('123', 'Kristine', 'Ellph', 'kellph3e@hostgator.com', '973-892-2938', '173011814', '123'),
	('124', 'Pancho', 'Treske', 'ptreske3f@newsvine.com', '366-652-3485', '183875504', '124'),
	('125', 'Zollie', 'Mc-Kerley', 'zmckerley3g@bigcartel.com', '591-984-6970', '147603943', '125'),
	('126', 'Pip', 'Friary', 'pfriary3h@blogs.com', '174-771-5805', '144002229', '126'),
	('127', 'Earvin', 'Hosburn', 'ehosburn3i@yellowpages.com', '215-854-2478', '259524634', '127'),
	('128', 'Phip', 'Hovy', 'phovy3j@epa.gov', '478-271-0346', '274577862', '128'),
	('129', 'Demetris', 'Bould', 'dbould3k@paginegialle.it', '973-969-3735', '182124435', '129'),
	('130', 'Kerianne', 'Reedman', 'kreedman3l@rakuten.co.jp', '924-805-0758', '261055135', '130'),
	('131', 'Domingo', 'Arcase', 'darcase3m@utexas.edu', '256-801-5277', '123964802', '131'),
	('132', 'Thomasa', 'Caswill', 'tcaswill3n@toplist.cz', '646-798-6292', '109980726', '132'),
	('133', 'Jaime', 'Mitrovic', 'jmitrovic3o@admin.ch', '957-753-1234', '179607425', '133'),
	('134', 'Dennie', 'Edge', 'dedge3p@ftc.gov', '944-852-5058', '224690804', '134'),
	('135', 'Leonore', 'Makin', 'lmakin3q@51.la', '558-685-8175', '110898246', '135'),
	('136', 'Aaren', 'Embery', 'aembery3r@samsung.com', '399-833-0364', '164189117', '136'),
	('137', 'Kahaleel', 'Tregiddo', 'ktregiddo3s@unesco.org', '236-923-4324', '247102895', '137'),
	('138', 'Kip', 'Taill', 'ktaill3t@uiuc.edu', '788-957-8264', '234695523', '138'),
	('139', 'Karl', 'Kehri', 'kkehri3u@google.cn', '428-711-5827', '117656253', '139'),
	('140', 'Lilla', 'Pedro', 'lpedro3v@e-recht24.de', '882-740-2348', '178715696', '140'),
	('141', 'Gilly', 'Clewlowe', 'gclewlowe3w@stumbleupon.com', '522-295-4726', '127553781', '141'),
	('142', 'Jaymie', 'Lace', 'jlace3x@themeforest.net', '764-691-6779', '213306345', '142'),
	('143', 'Tricia', 'Spuffard', 'tspuffard3y@apache.org', '917-218-4863', '260519943', '143'),
	('144', 'Anitra', 'Adam', 'aadam3z@cbsnews.com', '548-783-7926', '286569971', '144'),
	('145', 'Dre', 'Speddin', 'dspeddin40@hao123.com', '559-623-2962', '273963656', '145'),
	('146', 'Betsy', 'Doxsey', 'bdoxsey41@gov.uk', '749-449-0838', '171164897', '146'),
	('147', 'Cahra', 'Burton', 'cburton42@xinhuanet.com', '670-359-2028', '280483648', '147'),
	('148', 'Ania', 'Dymott', 'adymott43@apple.com', '876-117-1861', '260997861', '148');
/*
###################################################################################################################################################
----------------------------------------------------------------GENRE TABLE----------------------------------------------------------------------
###################################################################################################################################################
*/
INSERT INTO Genre (GenreID, Genre) VALUES
	('1', 'Action'),
	('2', 'Action role-playing'),
	('3', 'Action-adventure'),
	('4', 'Adventure'),
	('5', 'Artillery'),
	('6', 'Beat \'em up'),
	('7', 'Block breaker'),
	('8', 'Business simulation'),
	('9', 'City-building'),
	('10', 'Digital collectible card'),
	('11', 'Fighting'),
	('12', 'First-person shooter'),
	('13', 'God game'),
	('14', 'Kart racing'),
	('15', 'Life simulation'),
	('16', 'Maze'),
	('17', 'MMORPG'),
	('18', 'MOBA'),
	('19', 'Platform'),
	('20', 'Puzzle'),
	('21', 'Puzzle-platformer'),
	('22', 'Racing'),
	('23', 'Real-time strategy'),
	('24', 'Real-time tactics'),
	('25', 'Rhythm'),
	('26', 'Role-playing'),
	('27', 'Run and gun'),
	('28', 'Sandbox'),
	('29', 'Shoot \'em up'),
	('30', 'Simulation'),
	('31', 'Space flight simulator'),
	('32', 'Sports'),
	('33', 'Stealth'),
	('34', 'Strategy'),
	('35', 'Survival horror'),
	('36', 'Tactical role-playing'),
	('37', 'Third-person shooter'),
	('38', 'Top-down shooter'),
	('39', 'Tower defense'),
	('40', 'Turn-based strategy'),
	('41', 'Turn-based tactics'),
	('42', 'Vehicle simulation');
/*
###################################################################################################################################################
----------------------------------------------------------------PUBLISHER TABLE----------------------------------------------------------------------
###################################################################################################################################################
*/
INSERT INTO Publisher (PublisherID, Publisher) VALUES
	('1', '2K Games'),
	('2', '2K Games, Bethesda Softworks'),
	('3', '3909 LLC'),
	('4', 'Accolade'),
	('5', 'Acornsoft'),
	('6', 'Activision'),
	('7', 'Apogee Software'),
	('8', 'Atari Corporation'),
	('9', 'Atari Games'),
	('10', 'Atari, Inc.'),
	('11', 'Atlus'),
	('12', 'Bethesda Softworks'),
	('13', 'Black Isle Studios'),
	('14', 'Blizzard Entertainment'),
	('15', 'BMG Interactive'),
	('16', 'Broderbund'),
	('17', 'Camerica'),
	('18', 'Capcom'),
	('19', 'Cavedog Entertainment'),
	('20', 'CD Projekt'),
	('21', 'Chucklefish'),
	('22', 'Delphine Software'),
	('23', 'Derek Yu'),
	('24', 'Devolver Digital'),
	('25', 'Eidos Interactive'),
	('26', 'Eidos Interactive, Warner Bros.'),
	('27', 'Electronic Arts'),
	('28', 'Elorg'),
	('29', 'Epic Games'),
	('30', 'FromSoftware, Namco Bandai'),
	('31', 'FTL Games'),
	('32', 'Gathering of Developers'),
	('33', 'GT Interactive'),
	('34', 'id Software'),
	('35', 'Image Works'),
	('36', 'Infocom'),
	('37', 'Infogrames'),
	('38', 'Interplay Entertainment'),
	('39', 'Irem'),
	('40', 'Konami'),
	('41', 'Konami/Sega'),
	('42', 'LucasArts'),
	('43', 'Majesco'),
	('44', 'Maxis'),
	('45', 'MECC'),
	('46', 'MicroProse'),
	('47', 'Microsoft'),
	('48', 'Microsoft Game Studios'),
	('49', 'Midway'),
	('50', 'Mojang'),
	('51', 'MTV Games'),
	('52', 'Namco'),
	('53', 'Nintendo'),
	('54', 'Ocean Software'),
	('55', 'Origin Systems'),
	('56', 'Playdead'),
	('57', 'PopCap Games'),
	('58', 'Psygnosis'),
	('59', 'Psyonix'),
	('60', 'Rare'),
	('61', 'RedOctane'),
	('62', 'Renegade Software'),
	('63', 'Riot Games'),
	('64', 'Rockstar Games'),
	('65', 'Rovio Entertainment'),
	('66', 'Sega'),
	('67', 'Sierra Studios'),
	('68', 'Sir-Tech'),
	('69', 'SNK'),
	('70', 'Sony Computer Entertainment'),
	('71', 'Sony Interactive Entertainment'),
	('72', 'Sony Online Entertainment'),
	('73', 'Square'),
	('74', 'Square Enix'),
	('75', 'Supergiant Games'),
	('76', 'Taito'),
	('77', 'Team Meat'),
	('78', 'Technos Japan'),
	('79', 'Tecmo'),
	('80', 'Telltale Games'),
	('81', 'THQ'),
	('82', 'Toby Fox'),
	('83', 'Treasure'),
	('84', 'U.S. Gold'),
	('85', 'Ubisoft'),
	('86', 'Valve'),
	('87', 'Virgin Games'),
	('88', 'Virgin Interactive'),
	('89', 'Vivendi Universal Games'),
	('90', 'Warner Bros.'),
	('91', 'Williams'),
	('92', 'Williams Entertainment'),
	('93', 'Yacht Club Games'),
	('94', 'ZA/UM');
/*
###################################################################################################################################################
----------------------------------------------------------------PLATFORM TABLE----------------------------------------------------------------------
###################################################################################################################################################
*/
INSERT INTO Platform (PlatformID, Platform) VALUES
	('1', 'Amiga'),
	('2', 'Amiga, Atari ST'),
	('3', 'Apple II'),
	('4', 'Arcade'),
	('5', 'Atari 2600'),
	('6', 'Atari 8-bit family'),
	('7', 'Atari Jaguar'),
	('8', 'Atari ST'),
	('9', 'BBC Micro'),
	('10', 'Commodore 64'),
	('11', 'Dreamcast'),
	('12', 'Electronika 60'),
	('13', 'Game Boy'),
	('14', 'Game Boy Advance'),
	('15', 'Game Boy Color'),
	('16', 'GameCube'),
	('17', 'GameCube, Wii'),
	('18', 'HP 2100'),
	('19', 'Mac'),
	('20', 'NES'),
	('21', 'Nintendo 3DS'),
	('22', 'Nintendo 64'),
	('23', 'Nintendo DS'),
	('24', 'Nintendo Switch'),
	('25', 'PC'),
	('26', 'PC, Mac'),
	('27', 'PC, PlayStation'),
	('28', 'PDP-10'),
	('29', 'PlayStation'),
	('30', 'PlayStation 2'),
	('31', 'PlayStation 3'),
	('32', 'PlayStation 4'),
	('33', 'Saturn'),
	('34', 'Sega Genesis'),
	('35', 'Super NES'),
	('36', 'Wii'),
	('37', 'Xbox'),
	('38', 'Xbox 360'),
	('39', 'Xbox One');
/*
###################################################################################################################################################
----------------------------------------------------------------VIDEOGAME TABLE----------------------------------------------------------------------
###################################################################################################################################################
*/
INSERT INTO VIDEOGAME (VideoGameID, Title, Game_Description, ReleaseDate, Price, OnlineMode, GenreID, PublisherID, PlatformID) VALUES
	('1', 'The Oregon Trail', 'sem praesent id massa id nisl venenatis lacinia aenean sit amet justo morbi ut odio cras mi pede malesuada in imperdiet et commodo vulputate justo in blandit ultrices enim lorem ipsum dolor sit amet consectetuer adipiscing elit proin interdum mauris non ligula', '1971-01-01', '126.47', '0', '23', '35', '12'),
	('2', 'Pong', 'sapien placerat ante nulla justo aliquam quis turpis eget elit sodales scelerisque mauris sit amet eros suspendisse accumsan tortor quis turpis sed ante vivamus tortor duis mattis egestas metus aenean fermentum donec ut mauris eget massa tempor convallis nulla neque libero convallis eget eleifend luctus ultricies eu nibh quisque id justo sit amet sapien dignissim vestibulum vestibulum ante ipsum primis in faucibus orci luctus et ultrices posuere cubilia curae nulla dapibus dolor vel est donec odio justo sollicitudin ut suscipit a feugiat et eros', '1972-01-01', '114.55', '1', '15', '66', '5'),
	('3', 'Combat', 'molestie lorem quisque ut erat curabitur gravida nisi at nibh in hac habitasse platea dictumst aliquam augue quam sollicitudin vitae consectetuer eget rutrum at lorem integer tincidunt ante vel ipsum praesent blandit lacinia erat vestibulum sed magna at nunc commodo placerat praesent blandit nam nulla integer pede justo lacinia eget tincidunt eget tempus vel pede morbi porttitor lorem id ligula suspendisse ornare consequat lectus in est risus auctor sed tristique in tempus sit amet sem fusce consequat nulla nisl nunc nisl duis bibendum felis sed interdum venenatis turpis enim blandit mi', '1977-01-01', '123.39', '0', '28', '87', '33'),
	('4', 'Zork', 'sapien in sapien iaculis congue vivamus metus arcu adipiscing molestie hendrerit at vulputate vitae nisl aenean lectus pellentesque eget nunc donec quis orci eget orci vehicula condimentum curabitur in libero ut massa volutpat convallis morbi odio odio elementum eu interdum eu tincidunt in leo maecenas pulvinar lobortis est phasellus sit amet erat nulla tempus vivamus in felis eu sapien cursus vestibulum proin eu mi nulla ac enim in tempor turpis nec', '1977-01-01', '146.26', '0', '36', '63', '35'),
	('5', 'Space Invaders', 'ut dolor morbi vel lectus in quam fringilla rhoncus mauris enim leo rhoncus sed vestibulum sit amet cursus id turpis integer aliquet massa id lobortis convallis tortor risus dapibus augue vel accumsan tellus nisi eu orci mauris lacinia sapien quis libero nullam sit amet turpis elementum ligula vehicula consequat morbi a ipsum integer a nibh in quis justo maecenas rhoncus aliquam lacus morbi quis tortor id nulla ultrices aliquet maecenas leo odio condimentum id luctus nec molestie sed justo pellentesque viverra pede ac diam cras', '1978-01-01', '95.11', '0', '37', '56', '33'),
	('6', 'Asteroids', 'elit proin risus praesent lectus vestibulum quam sapien varius ut blandit non interdum in ante vestibulum ante ipsum primis in faucibus orci luctus et ultrices posuere cubilia curae duis faucibus accumsan odio curabitur convallis duis consequat dui nec nisi volutpat eleifend donec ut dolor morbi vel lectus in quam fringilla rhoncus mauris enim leo rhoncus sed vestibulum sit amet cursus id turpis integer aliquet massa id lobortis convallis tortor risus dapibus augue vel accumsan tellus nisi eu orci mauris lacinia sapien quis libero nullam sit amet turpis elementum ligula vehicula consequat morbi a ipsum integer a nibh in quis justo', '1979-01-01', '118.36', '0', '13', '1', '16'),
	('7', 'Adventure', 'integer a nibh in quis justo maecenas rhoncus aliquam lacus morbi quis tortor id nulla ultrices aliquet maecenas leo odio condimentum id luctus nec molestie sed justo pellentesque viverra pede ac diam cras pellentesque volutpat dui maecenas tristique est et tempus semper est quam pharetra magna ac consequat metus sapien ut nunc vestibulum ante ipsum primis in faucibus orci luctus et ultrices posuere cubilia curae mauris viverra diam vitae quam suspendisse potenti nullam porttitor lacus at turpis donec posuere metus vitae ipsum aliquam non mauris morbi non lectus aliquam sit amet diam in magna', '1980-01-01', '142.32', '0', '37', '58', '30'),
	('8', 'Battlezone', 'curae donec pharetra magna vestibulum aliquet ultrices erat tortor sollicitudin mi sit amet lobortis sapien sapien non mi integer ac neque duis bibendum morbi non quam nec dui luctus rutrum nulla tellus in sagittis dui vel nisl duis ac nibh fusce lacus purus aliquet at feugiat non pretium quis lectus suspendisse potenti in eleifend quam a odio in hac habitasse platea dictumst maecenas ut massa quis augue', '1980-01-01', '57.22', '1', '23', '56', '38'),
	('9', 'Missile Command', 'nec euismod scelerisque quam turpis adipiscing lorem vitae mattis nibh ligula nec sem duis aliquam convallis nunc proin at turpis a pede posuere nonummy integer non velit donec diam neque vestibulum eget vulputate ut ultrices vel augue vestibulum ante ipsum primis in faucibus orci luctus et ultrices posuere cubilia curae donec pharetra magna vestibulum aliquet ultrices erat tortor sollicitudin mi sit amet lobortis sapien sapien non mi integer ac neque duis bibendum morbi non quam nec dui luctus rutrum nulla tellus in sagittis dui vel nisl', '1980-01-01', '92.76', '0', '33', '21', '4'),
	('10', 'Pac-Man', 'fusce lacus purus aliquet at feugiat non pretium quis lectus suspendisse potenti in eleifend quam a odio in hac habitasse platea dictumst maecenas ut massa quis augue luctus tincidunt nulla mollis molestie lorem quisque ut erat curabitur gravida nisi at nibh in hac habitasse platea dictumst aliquam augue quam sollicitudin vitae consectetuer eget rutrum at lorem integer tincidunt ante vel ipsum praesent blandit lacinia erat vestibulum sed magna at nunc', '1980-01-01', '90.35', '0', '6', '79', '5'),
	('11', 'Centipede', 'interdum mauris non ligula pellentesque ultrices phasellus id sapien in sapien iaculis congue vivamus metus arcu adipiscing molestie hendrerit at vulputate vitae nisl aenean lectus pellentesque eget nunc donec quis orci eget orci vehicula condimentum curabitur in libero ut massa volutpat', '1981-01-01', '111.56', '1', '21', '76', '29'),
	('12', 'Defender', 'urna pretium nisl ut volutpat sapien arcu sed augue aliquam erat volutpat in congue etiam justo etiam pretium iaculis justo in hac habitasse platea dictumst etiam faucibus cursus urna ut tellus nulla ut erat id mauris vulputate elementum nullam varius nulla facilisi cras non velit nec nisi vulputate nonummy maecenas tincidunt lacus at velit vivamus vel nulla eget eros elementum pellentesque quisque porta volutpat', '1981-01-01', '140.92', '1', '34', '53', '34'),
	('13', 'Donkey Kong', 'id lobortis convallis tortor risus dapibus augue vel accumsan tellus nisi eu orci mauris lacinia sapien quis libero nullam sit amet turpis elementum ligula vehicula consequat morbi a ipsum integer', '1981-01-01', '72.9', '0', '2', '19', '32'),
	('14', 'Frogger', 'massa tempor convallis nulla neque libero convallis eget eleifend luctus ultricies eu nibh quisque id justo sit amet sapien dignissim vestibulum vestibulum ante ipsum primis in faucibus orci luctus et ultrices posuere cubilia curae nulla dapibus dolor vel est donec odio justo', '1981-01-01', '87.67', '1', '32', '89', '22'),
	('15', 'Galaga', 'lectus vestibulum quam sapien varius ut blandit non interdum in ante vestibulum ante ipsum primis in faucibus orci luctus et ultrices posuere', '1981-01-01', '85.2', '0', '15', '7', '39'),
	('16', 'Tempest', 'sollicitudin vitae consectetuer eget rutrum at lorem integer tincidunt ante vel ipsum praesent blandit lacinia erat vestibulum sed magna at nunc commodo placerat praesent blandit nam nulla integer pede justo lacinia eget tincidunt eget tempus vel pede morbi porttitor lorem id ligula suspendisse ornare consequat lectus', '1981-01-01', '117.06', '0', '2', '51', '33'),
	('17', 'Wizardry: Proving Grounds of the Mad Overlord', 'nunc nisl duis bibendum felis sed interdum venenatis turpis enim blandit mi in porttitor pede justo eu massa donec dapibus duis at velit eu est congue elementum in hac habitasse platea dictumst morbi vestibulum velit id pretium iaculis diam erat fermentum justo nec condimentum neque sapien placerat ante nulla justo aliquam quis turpis eget elit sodales scelerisque mauris sit amet eros suspendisse accumsan tortor quis turpis sed ante vivamus tortor duis mattis egestas metus aenean fermentum donec ut mauris eget', '1981-01-01', '135.97', '1', '35', '80', '15'),
	('18', 'Joust', 'quam nec dui luctus rutrum nulla tellus in sagittis dui vel nisl duis ac nibh fusce lacus purus aliquet', '1982-01-01', '103.84', '0', '32', '83', '17'),
	('19', 'Ms. Pac-Man', 'congue diam id ornare imperdiet sapien urna pretium nisl ut volutpat sapien arcu sed augue aliquam erat volutpat in congue etiam justo etiam pretium iaculis justo in hac habitasse platea dictumst etiam faucibus cursus urna ut tellus nulla ut erat id mauris vulputate elementum nullam varius nulla facilisi cras non velit nec nisi vulputate nonummy maecenas tincidunt lacus at velit vivamus vel nulla eget eros elementum pellentesque quisque porta volutpat erat quisque erat eros viverra eget congue eget semper rutrum nulla nunc purus phasellus in felis donec semper sapien a libero', '1982-01-01', '65.88', '1', '30', '42', '24'),
	('20', 'Pitfall!', 'turpis integer aliquet massa id lobortis convallis tortor risus dapibus augue vel accumsan tellus nisi eu orci mauris lacinia sapien quis libero nullam sit amet turpis elementum ligula vehicula consequat morbi a ipsum integer a nibh in quis justo maecenas rhoncus aliquam lacus morbi quis tortor id nulla ultrices aliquet maecenas leo odio condimentum id luctus nec molestie sed justo pellentesque viverra pede ac diam cras pellentesque volutpat dui', '1982-01-01', '140.79', '1', '14', '13', '17'),
	('21', 'Robotron: 2084', 'quis libero nullam sit amet turpis elementum ligula vehicula consequat morbi a ipsum integer a nibh in quis justo maecenas rhoncus aliquam lacus morbi quis tortor id nulla ultrices aliquet maecenas leo odio condimentum id luctus nec molestie sed justo pellentesque viverra pede ac diam cras pellentesque volutpat dui', '1982-01-01', '129.51', '0', '5', '73', '22'),
	('22', 'Archon: The Light and the Dark', 'orci nullam molestie nibh in lectus pellentesque at nulla suspendisse potenti cras in purus eu magna vulputate luctus cum', '1983-01-01', '128.65', '0', '31', '24', '29'),
	('23', 'Lode Runner', 'eget tempus vel pede morbi porttitor lorem id ligula suspendisse ornare consequat lectus in est risus auctor sed tristique in tempus sit amet sem fusce consequat nulla nisl nunc nisl duis bibendum felis sed interdum venenatis turpis enim blandit mi in porttitor pede justo eu massa donec dapibus duis at velit eu est congue elementum in hac habitasse platea dictumst morbi vestibulum velit id pretium iaculis diam erat fermentum justo nec condimentum neque sapien placerat ante nulla justo aliquam quis turpis eget elit sodales scelerisque mauris sit amet eros suspendisse', '1983-01-01', '108.49', '0', '2', '50', '6'),
	('24', 'M.U.L.E.', 'ut massa quis augue luctus tincidunt nulla mollis molestie lorem quisque ut erat curabitur gravida nisi at nibh in hac habitasse platea dictumst aliquam augue quam sollicitudin vitae consectetuer eget rutrum at lorem integer tincidunt ante vel ipsum praesent blandit lacinia erat vestibulum', '1983-01-01', '149.19', '0', '29', '78', '8'),
	('25', 'Star Wars', 'ut massa quis augue luctus tincidunt nulla mollis molestie lorem quisque ut erat curabitur gravida nisi at nibh in hac habitasse platea dictumst aliquam augue quam sollicitudin vitae consectetuer eget rutrum at lorem integer tincidunt ante vel ipsum praesent blandit lacinia erat vestibulum sed magna at nunc commodo placerat', '1983-01-01', '93.64', '0', '4', '75', '27'),
	('26', 'Elite', 'accumsan tortor quis turpis sed ante vivamus tortor duis mattis egestas metus aenean fermentum donec ut mauris eget massa tempor convallis nulla neque libero convallis eget eleifend luctus ultricies eu nibh quisque id justo sit amet sapien dignissim vestibulum vestibulum ante ipsum primis in faucibus orci luctus et ultrices posuere cubilia curae nulla dapibus dolor vel est donec odio justo sollicitudin ut suscipit a feugiat et eros vestibulum ac est lacinia nisi venenatis tristique fusce congue diam id ornare imperdiet sapien urna pretium nisl ut volutpat sapien arcu sed augue aliquam erat volutpat in congue etiam', '1984-01-01', '146.17', '0', '34', '92', '28'),
	('27', 'Marble Madness', 'volutpat in congue etiam justo etiam pretium iaculis justo in hac habitasse platea dictumst etiam faucibus cursus urna ut tellus nulla ut erat id mauris vulputate elementum nullam varius nulla facilisi cras non velit nec nisi vulputate nonummy maecenas tincidunt lacus at velit vivamus vel nulla eget eros elementum pellentesque quisque porta volutpat erat quisque erat eros viverra eget congue eget semper rutrum nulla nunc purus phasellus in felis donec semper sapien a libero nam dui proin leo odio porttitor id consequat in consequat ut nulla sed accumsan felis ut at dolor quis', '1984-01-01', '82.95', '0', '2', '10', '26'),
	('28', 'Gauntlet', 'orci pede venenatis non sodales sed tincidunt eu felis fusce posuere felis sed', '1985-01-01', '103.82', '0', '22', '59', '21'),
	('29', 'Ghosts \'n Goblins', 'morbi quis tortor id nulla ultrices aliquet maecenas leo odio condimentum id luctus nec molestie sed justo pellentesque viverra pede ac diam cras pellentesque volutpat dui maecenas', '1985-01-01', '86.71', '1', '9', '62', '5'),
	('30', 'Super Mario Bros.', 'cum sociis natoque penatibus et magnis dis parturient montes nascetur ridiculus mus etiam vel augue vestibulum rutrum rutrum neque aenean auctor gravida sem praesent id massa id nisl venenatis lacinia', '1985-01-01', '106.6', '1', '9', '36', '11'),
	('31', 'Tetris', 'tempor turpis nec euismod scelerisque quam turpis adipiscing lorem vitae mattis nibh ligula', '1985-01-01', '108', '0', '29', '23', '24'),
	('32', 'Ultima IV: Quest of the Avatar', 'orci nullam molestie nibh in lectus pellentesque at nulla suspendisse potenti cras in purus eu magna vulputate luctus cum sociis natoque penatibus et magnis dis parturient montes nascetur ridiculus mus vivamus vestibulum sagittis sapien cum sociis natoque penatibus et magnis dis parturient montes nascetur ridiculus mus etiam vel augue vestibulum rutrum rutrum neque aenean auctor gravida sem praesent id massa id nisl venenatis lacinia aenean sit amet justo morbi ut odio cras mi pede malesuada in imperdiet et commodo vulputate justo in blandit ultrices enim lorem ipsum dolor sit amet consectetuer adipiscing elit proin interdum mauris non ligula', '1985-01-01', '134.51', '1', '33', '83', '4'),
	('33', 'Arkanoid', 'etiam pretium iaculis justo in hac habitasse platea dictumst etiam faucibus cursus urna ut tellus nulla ut erat id mauris vulputate elementum nullam varius nulla facilisi cras non velit nec nisi vulputate nonummy maecenas tincidunt lacus at velit vivamus vel nulla eget eros elementum pellentesque quisque porta volutpat erat', '1986-01-01', '130.77', '1', '26', '29', '23'),
	('34', 'Bubble Bobble', 'at turpis donec posuere metus vitae ipsum aliquam non mauris morbi non lectus aliquam sit amet diam in magna bibendum imperdiet nullam orci pede venenatis non sodales sed tincidunt eu felis fusce posuere felis sed lacus morbi', '1986-01-01', '113.85', '0', '8', '84', '28'),
	('35', 'The Legend of Zelda', 'quam suspendisse potenti nullam porttitor lacus at turpis donec posuere metus vitae ipsum aliquam non mauris morbi non lectus aliquam sit amet diam in magna bibendum imperdiet nullam orci pede venenatis non sodales sed tincidunt eu felis fusce posuere felis sed lacus morbi sem', '1986-01-01', '136.03', '0', '41', '49', '14'),
	('36', 'Out Run', 'in faucibus orci luctus et ultrices posuere cubilia curae duis faucibus accumsan odio curabitur convallis duis consequat dui nec nisi volutpat eleifend donec ut dolor morbi vel lectus in quam fringilla rhoncus', '1986-01-01', '111.11', '1', '23', '42', '10'),
	('37', 'Contra', 'vel augue vestibulum ante ipsum primis in faucibus orci luctus et ultrices posuere cubilia curae donec pharetra magna vestibulum aliquet ultrices erat tortor sollicitudin mi sit', '1987-01-01', '137.86', '0', '24', '65', '15'),
	('38', 'Double Dragon', 'mollis molestie lorem quisque ut erat curabitur gravida nisi at nibh in hac habitasse platea dictumst aliquam augue quam sollicitudin vitae consectetuer eget rutrum at lorem integer tincidunt ante vel ipsum praesent blandit lacinia erat vestibulum sed magna at nunc commodo placerat praesent blandit nam nulla integer pede justo lacinia eget tincidunt eget tempus vel pede morbi porttitor lorem id ligula suspendisse ornare consequat lectus in est risus auctor sed tristique in tempus sit amet sem', '1987-01-01', '109.73', '1', '9', '28', '26'),
	('39', 'Dungeon Master', 'tincidunt eget tempus vel pede morbi porttitor lorem id ligula suspendisse ornare consequat lectus in est risus auctor sed tristique in tempus sit amet sem fusce consequat nulla nisl nunc nisl duis bibendum felis sed interdum venenatis turpis enim blandit mi in porttitor pede justo eu massa donec dapibus duis at velit eu est congue elementum in hac habitasse platea dictumst morbi vestibulum velit id pretium iaculis diam erat fermentum justo nec condimentum neque sapien placerat ante nulla justo aliquam quis turpis eget elit sodales scelerisque mauris sit amet eros suspendisse accumsan tortor quis turpis sed ante vivamus', '1987-01-01', '86.46', '0', '34', '88', '36'),
	('40', 'Mike Tyson\'s Punch-Out!!', 'id ligula suspendisse ornare consequat lectus in est risus auctor sed tristique in tempus sit amet sem fusce consequat nulla nisl nunc nisl duis bibendum felis sed interdum venenatis turpis enim blandit mi in porttitor pede justo eu massa donec dapibus duis at velit eu est congue elementum in hac habitasse platea dictumst morbi vestibulum velit id pretium iaculis diam erat fermentum justo nec condimentum neque sapien placerat ante nulla justo aliquam quis turpis eget elit sodales scelerisque mauris sit amet eros suspendisse accumsan tortor quis turpis sed ante vivamus tortor duis mattis egestas metus aenean', '1987-01-01', '70.47', '1', '9', '15', '26'),
	('41', 'R-Type', 'augue vestibulum ante ipsum primis in faucibus orci luctus et ultrices posuere cubilia curae donec pharetra magna vestibulum aliquet ultrices erat tortor sollicitudin mi sit amet lobortis sapien sapien non mi integer ac neque duis bibendum morbi non quam nec dui luctus rutrum nulla tellus in sagittis dui vel nisl duis ac nibh fusce lacus purus aliquet at feugiat non pretium quis lectus suspendisse potenti in eleifend quam a odio in', '1987-01-01', '112.53', '0', '25', '35', '17'),
	('42', 'Sid Meier\'s Pirates!', 'consequat lectus in est risus auctor sed tristique in tempus sit amet sem fusce consequat nulla nisl nunc nisl duis bibendum felis sed interdum venenatis turpis enim blandit mi in porttitor', '1987-01-01', '134.19', '0', '42', '75', '36'),
	('43', 'Mega Man 2', 'lobortis est phasellus sit amet erat nulla tempus vivamus in felis eu sapien cursus vestibulum proin eu mi nulla ac enim in tempor turpis nec euismod', '1988-01-01', '84.46', '0', '40', '74', '7'),
	('44', 'Ninja Gaiden', 'vel augue vestibulum ante ipsum primis in faucibus orci luctus et ultrices posuere cubilia curae donec pharetra magna vestibulum aliquet ultrices erat tortor sollicitudin mi sit amet lobortis sapien sapien non mi integer ac neque duis bibendum morbi non quam nec dui luctus rutrum nulla tellus in sagittis dui vel nisl duis ac nibh fusce lacus purus aliquet at feugiat non pretium quis lectus suspendisse potenti in eleifend quam a odio in hac habitasse platea dictumst maecenas ut massa quis augue luctus tincidunt nulla mollis', '1988-01-01', '113.82', '0', '33', '90', '31'),
	('45', 'Super Mario Bros. 3', 'ultrices posuere cubilia curae duis faucibus accumsan odio curabitur convallis duis consequat dui nec nisi volutpat eleifend donec ut dolor morbi vel lectus in quam fringilla rhoncus mauris enim leo rhoncus sed vestibulum sit amet cursus id turpis integer aliquet massa id lobortis convallis tortor risus dapibus augue vel accumsan tellus nisi eu orci mauris lacinia sapien quis libero nullam sit amet turpis elementum ligula vehicula consequat morbi a ipsum integer a nibh in quis justo maecenas rhoncus aliquam lacus morbi quis tortor', '1988-01-01', '93.21', '1', '4', '69', '10'),
	('46', 'Final Fight', 'ligula nec sem duis aliquam convallis nunc proin at turpis a pede posuere nonummy integer non velit donec diam neque vestibulum eget vulputate ut ultrices vel augue vestibulum ante ipsum primis in faucibus orci luctus et ultrices posuere cubilia curae donec pharetra magna vestibulum aliquet ultrices erat tortor sollicitudin mi sit amet lobortis sapien sapien non mi integer ac neque duis bibendum morbi non quam nec dui luctus rutrum nulla tellus in sagittis dui vel nisl duis ac nibh fusce lacus', '1989-01-01', '126.18', '1', '39', '56', '16'),
	('47', 'Populous', 'sodales scelerisque mauris sit amet eros suspendisse accumsan tortor quis turpis sed ante vivamus tortor duis mattis egestas metus aenean fermentum donec ut mauris eget massa tempor convallis nulla neque libero convallis eget eleifend luctus ultricies eu nibh quisque id justo sit amet sapien dignissim vestibulum vestibulum ante ipsum primis in faucibus orci luctus et ultrices posuere cubilia curae nulla dapibus dolor vel est donec odio justo sollicitudin ut suscipit a feugiat et eros vestibulum ac est lacinia nisi', '1989-01-01', '58.21', '1', '10', '59', '37'),
	('48', 'Prince of Persia', 'quis turpis eget elit sodales scelerisque mauris sit amet eros suspendisse accumsan tortor quis turpis sed ante vivamus tortor duis mattis egestas metus aenean fermentum donec ut mauris eget massa tempor convallis nulla neque libero convallis eget eleifend luctus ultricies eu nibh quisque id justo sit amet sapien dignissim vestibulum vestibulum ante ipsum primis in faucibus orci luctus et ultrices posuere cubilia curae nulla dapibus dolor vel est donec odio justo sollicitudin', '1989-01-01', '53.64', '0', '15', '83', '25'),
	('49', 'SimCity', 'faucibus cursus urna ut tellus nulla ut erat id mauris vulputate elementum nullam varius nulla facilisi cras non velit nec nisi vulputate nonummy maecenas tincidunt lacus at velit vivamus vel nulla eget eros elementum pellentesque quisque porta volutpat erat quisque erat eros viverra eget congue eget semper rutrum nulla nunc purus phasellus in felis donec semper sapien a libero nam dui proin leo odio porttitor id consequat in consequat ut nulla sed accumsan felis ut at dolor quis odio consequat varius integer ac leo', '1989-01-01', '122.79', '1', '20', '25', '39'),
	('50', 'The Secret of Monkey Island', 'dui vel sem sed sagittis nam congue risus semper porta volutpat quam pede lobortis ligula sit amet eleifend pede libero quis orci nullam molestie nibh in lectus', '1990-01-01', '83.1', '0', '39', '83', '36'),
	('51', 'Speedball 2: Brutal Deluxe', 'lorem ipsum dolor sit amet consectetuer adipiscing elit proin risus praesent lectus vestibulum quam sapien varius ut blandit non interdum in ante vestibulum ante ipsum primis in faucibus orci luctus et ultrices posuere cubilia curae duis faucibus accumsan', '1990-01-01', '108.5', '0', '1', '64', '2'),
	('52', 'Super Mario World', 'maecenas tincidunt lacus at velit vivamus vel nulla eget eros elementum pellentesque quisque porta volutpat erat quisque erat eros viverra eget congue eget semper rutrum nulla nunc purus phasellus in felis donec semper sapien a libero nam dui proin leo odio porttitor id consequat in consequat ut nulla sed accumsan felis ut at dolor quis odio consequat varius integer ac leo pellentesque ultrices mattis odio donec vitae nisi nam ultrices libero', '1990-01-01', '61.24', '0', '34', '41', '7'),
	('53', 'Wing Commander', 'semper rutrum nulla nunc purus phasellus in felis donec semper sapien a libero nam dui proin leo odio porttitor id consequat in consequat ut nulla sed accumsan felis ut at dolor quis odio consequat varius integer ac leo pellentesque ultrices mattis odio donec vitae nisi nam ultrices libero non mattis pulvinar nulla pede ullamcorper', '1990-01-01', '92.49', '1', '20', '44', '32'),
	('54', 'Another World', 'augue a suscipit nulla elit ac nulla sed vel enim sit amet nunc viverra dapibus nulla suscipit ligula in lacus curabitur at ipsum ac tellus semper interdum mauris ullamcorper purus sit amet nulla quisque arcu libero rutrum ac lobortis vel dapibus at diam nam tristique tortor eu', '1991-01-01', '118.27', '1', '28', '9', '12'),
	('55', 'Civilization', 'turpis adipiscing lorem vitae mattis nibh ligula nec sem duis aliquam convallis nunc proin at turpis a pede posuere nonummy integer non velit donec diam neque vestibulum eget vulputate ut ultrices vel augue vestibulum ante ipsum primis in faucibus orci luctus et ultrices posuere cubilia curae donec pharetra magna vestibulum aliquet ultrices erat tortor sollicitudin mi sit amet lobortis sapien sapien non mi integer ac neque duis bibendum morbi non quam', '1991-01-01', '147.62', '0', '38', '91', '26'),
	('56', 'Final Fantasy IV', 'mi in porttitor pede justo eu massa donec dapibus duis at velit eu est congue elementum in hac habitasse platea dictumst morbi vestibulum velit id pretium iaculis diam erat fermentum justo nec condimentum neque sapien placerat ante nulla justo aliquam quis turpis eget elit sodales scelerisque mauris sit amet eros suspendisse accumsan tortor quis turpis sed ante vivamus tortor duis mattis egestas metus aenean fermentum donec ut mauris eget massa tempor convallis', '1991-01-01', '54.99', '0', '31', '53', '14'),
	('57', 'The Legend of Zelda: A Link to the Past', 'nisl duis bibendum felis sed interdum venenatis turpis enim blandit mi in porttitor pede justo eu massa donec dapibus duis at velit eu est congue elementum in hac habitasse platea dictumst morbi vestibulum velit id pretium iaculis diam erat fermentum justo nec condimentum neque sapien placerat ante nulla justo aliquam quis turpis eget elit sodales scelerisque', '1991-01-01', '113.19', '1', '35', '84', '23'),
	('58', 'Lemmings', 'sapien dignissim vestibulum vestibulum ante ipsum primis in faucibus orci luctus et ultrices posuere cubilia curae nulla dapibus dolor vel est donec odio justo sollicitudin ut suscipit a feugiat et eros vestibulum ac est lacinia nisi venenatis tristique fusce congue diam id ornare imperdiet sapien urna pretium nisl ut volutpat sapien arcu sed augue', '1991-01-01', '80.36', '1', '38', '72', '33'),
	('59', 'Micro Machines', 'curae duis faucibus accumsan odio curabitur convallis duis consequat dui nec nisi volutpat eleifend donec ut dolor morbi vel lectus in quam fringilla rhoncus mauris enim leo rhoncus sed vestibulum sit amet cursus id turpis integer aliquet massa id lobortis convallis tortor risus dapibus augue vel accumsan tellus nisi eu orci mauris lacinia sapien', '1991-01-01', '108.05', '0', '41', '69', '33'),
	('60', 'Monkey Island 2: LeChuck\'s Revenge', 'est congue elementum in hac habitasse platea dictumst morbi vestibulum velit id pretium iaculis diam erat fermentum justo nec condimentum neque sapien placerat ante nulla justo aliquam quis turpis eget elit sodales scelerisque mauris sit amet eros suspendisse accumsan tortor quis turpis sed ante vivamus tortor duis mattis egestas metus aenean fermentum donec ut mauris eget massa tempor convallis nulla neque libero convallis eget eleifend luctus ultricies eu nibh quisque id justo sit amet sapien dignissim vestibulum vestibulum ante ipsum primis in faucibus orci luctus et', '1991-01-01', '75', '1', '23', '21', '9'),
	('61', 'Sonic the Hedgehog', 'enim blandit mi in porttitor pede justo eu massa donec dapibus duis at velit eu est congue elementum in hac habitasse platea dictumst morbi vestibulum velit id pretium iaculis diam erat fermentum justo nec condimentum neque sapien placerat ante nulla justo aliquam quis turpis eget elit sodales', '1991-01-01', '75.52', '1', '10', '4', '36'),
	('62', 'Street Fighter II', 'ac enim in tempor turpis nec euismod scelerisque quam turpis adipiscing lorem vitae mattis nibh ligula nec sem duis aliquam convallis nunc proin at turpis a pede posuere nonummy integer non velit donec diam neque vestibulum eget vulputate ut ultrices vel augue vestibulum ante ipsum primis', '1991-01-01', '60.11', '0', '9', '61', '13'),
	('63', 'Super Castlevania IV', 'pellentesque volutpat dui maecenas tristique est et tempus semper est quam pharetra magna ac consequat metus sapien ut nunc vestibulum ante ipsum primis in faucibus orci luctus et ultrices posuere cubilia curae mauris viverra diam vitae quam', '1991-01-01', '148.08', '1', '16', '71', '33'),
	('64', 'Alone in the Dark', 'viverra eget congue eget semper rutrum nulla nunc purus phasellus in felis donec semper sapien a libero nam dui proin leo odio porttitor id consequat in consequat ut nulla sed accumsan felis ut at dolor quis odio consequat varius integer ac leo pellentesque ultrices mattis odio donec vitae nisi nam ultrices libero non mattis pulvinar nulla pede ullamcorper augue a suscipit nulla elit ac nulla sed vel enim sit amet nunc viverra dapibus nulla suscipit ligula in lacus curabitur at ipsum ac tellus semper interdum mauris ullamcorper purus sit amet nulla quisque arcu libero rutrum ac', '1992-01-01', '74.71', '0', '3', '4', '13'),
	('65', 'Contra III: The Alien Wars', 'lorem quisque ut erat curabitur gravida nisi at nibh in hac habitasse platea dictumst aliquam augue quam sollicitudin vitae consectetuer eget rutrum at lorem integer tincidunt ante vel ipsum praesent blandit lacinia erat vestibulum sed magna at nunc commodo placerat praesent blandit nam nulla integer pede justo lacinia eget tincidunt eget tempus vel pede morbi porttitor lorem id ligula suspendisse ornare consequat lectus in est risus auctor sed tristique in tempus sit amet sem fusce consequat nulla nisl nunc nisl duis bibendum felis sed interdum venenatis turpis', '1992-01-01', '98.67', '0', '34', '8', '37'),
	('66', 'Dune II', 'sapien sapien non mi integer ac neque duis bibendum morbi non quam nec dui luctus rutrum nulla tellus in sagittis dui vel nisl duis ac nibh fusce lacus purus aliquet at feugiat non pretium quis lectus suspendisse potenti in eleifend quam a odio in hac habitasse platea dictumst maecenas ut massa quis augue luctus tincidunt nulla mollis molestie lorem quisque ut', '1992-01-01', '110.4', '0', '13', '49', '34'),
	('67', 'Flashback', 'nisi nam ultrices libero non mattis pulvinar nulla pede ullamcorper augue a suscipit nulla elit ac nulla sed vel enim sit amet nunc viverra dapibus nulla suscipit ligula in lacus curabitur at ipsum ac tellus semper interdum mauris ullamcorper purus sit amet nulla quisque arcu libero rutrum', '1992-01-01', '126.53', '1', '2', '47', '28'),
	('68', 'Indiana Jones and the Fate of Atlantis', 'cras in purus eu magna vulputate luctus cum sociis natoque penatibus et magnis dis parturient montes nascetur ridiculus mus vivamus vestibulum sagittis', '1992-01-01', '118.32', '1', '29', '54', '24'),
	('69', 'Mortal Kombat', 'ante ipsum primis in faucibus orci luctus et ultrices posuere cubilia curae duis faucibus accumsan odio curabitur convallis duis consequat dui nec nisi volutpat eleifend donec ut dolor morbi vel lectus in quam fringilla rhoncus mauris enim leo rhoncus sed vestibulum sit amet cursus id turpis integer aliquet massa id lobortis convallis tortor risus dapibus augue vel accumsan tellus nisi eu orci mauris lacinia sapien quis libero nullam sit amet turpis elementum ligula vehicula consequat morbi a ipsum integer a nibh in quis justo maecenas rhoncus aliquam lacus morbi quis', '1992-01-01', '114.72', '1', '24', '71', '16'),
	('70', 'Sensible Soccer', 'dolor quis odio consequat varius integer ac leo pellentesque ultrices mattis odio donec vitae nisi nam ultrices libero non mattis pulvinar nulla pede ullamcorper augue a suscipit nulla elit ac nulla sed vel enim sit amet nunc viverra dapibus nulla suscipit ligula in lacus curabitur at ipsum ac tellus semper interdum mauris ullamcorper purus sit amet nulla quisque arcu libero rutrum ac lobortis vel dapibus', '1992-01-01', '55.31', '0', '36', '45', '4'),
	('71', 'Sonic the Hedgehog 2', 'parturient montes nascetur ridiculus mus etiam vel augue vestibulum rutrum rutrum neque aenean auctor gravida sem praesent id massa id nisl venenatis lacinia aenean sit amet justo', '1992-01-01', '49.7', '0', '41', '25', '9'),
	('72', 'Star Control II', 'fusce congue diam id ornare imperdiet sapien urna pretium nisl ut volutpat sapien arcu sed augue aliquam erat volutpat in congue etiam justo etiam pretium iaculis justo in hac habitasse platea dictumst etiam faucibus cursus urna ut tellus nulla ut erat id mauris vulputate elementum nullam varius nulla facilisi cras non velit nec nisi vulputate nonummy maecenas tincidunt lacus at velit vivamus vel nulla eget eros elementum pellentesque quisque porta volutpat erat quisque erat eros viverra eget congue eget semper rutrum nulla', '1992-01-01', '89.16', '1', '35', '66', '1'),
	('73', 'Streets of Rage 2', 'donec diam neque vestibulum eget vulputate ut ultrices vel augue vestibulum', '1992-01-01', '60.04', '1', '42', '81', '32'),
	('74', 'Super Mario Kart', 'libero nam dui proin leo odio porttitor id consequat in consequat ut nulla sed accumsan felis ut at dolor quis odio consequat varius integer ac leo pellentesque ultrices mattis odio donec vitae nisi nam ultrices', '1992-01-01', '122.21', '1', '14', '15', '37'),
	('75', 'Ultima VII: The Black Gate', 'odio elementum eu interdum eu tincidunt in leo maecenas pulvinar lobortis est phasellus sit amet erat nulla tempus vivamus in felis eu sapien cursus vestibulum proin eu mi nulla ac enim in tempor turpis nec euismod scelerisque quam turpis adipiscing lorem vitae mattis nibh ligula nec sem duis aliquam convallis nunc proin at turpis a pede posuere nonummy integer non velit donec diam neque vestibulum eget vulputate ut ultrices vel augue vestibulum ante ipsum primis in faucibus orci luctus et ultrices posuere cubilia curae donec pharetra magna vestibulum', '1992-01-01', '102.3', '0', '34', '1', '12'),
	('76', 'Virtua Racing', 'nulla tempus vivamus in felis eu sapien cursus vestibulum proin eu mi nulla ac enim in tempor turpis nec euismod scelerisque quam turpis adipiscing lorem vitae mattis nibh ligula nec sem duis aliquam convallis nunc proin at turpis a pede posuere nonummy integer non velit donec diam neque vestibulum eget vulputate ut ultrices vel augue vestibulum', '1992-01-01', '92.81', '0', '1', '63', '27'),
	('77', 'Wolfenstein 3D', 'molestie lorem quisque ut erat curabitur gravida nisi at nibh in hac habitasse platea dictumst aliquam augue quam sollicitudin vitae consectetuer eget rutrum at lorem integer tincidunt ante vel ipsum praesent blandit lacinia erat vestibulum sed magna at nunc commodo placerat praesent blandit nam nulla integer pede justo lacinia eget tincidunt eget tempus vel pede morbi porttitor lorem', '1992-01-01', '59.64', '0', '37', '27', '13'),
	('78', 'Day of the Tentacle', 'nulla justo aliquam quis turpis eget elit sodales scelerisque mauris sit amet eros suspendisse accumsan tortor quis turpis sed ante vivamus tortor duis mattis egestas metus aenean fermentum donec ut mauris eget massa tempor convallis nulla neque libero convallis eget eleifend luctus ultricies eu nibh quisque id justo sit amet sapien dignissim vestibulum vestibulum ante ipsum primis in faucibus orci luctus et ultrices posuere cubilia curae nulla dapibus dolor vel est donec odio justo sollicitudin ut suscipit a', '1993-01-01', '95.37', '1', '26', '4', '20'),
	('79', 'Doom', 'amet nulla quisque arcu libero rutrum ac lobortis vel dapibus at diam nam', '1993-01-01', '138.32', '1', '22', '73', '18'),
	('80', 'Gunstar Heroes', 'sem duis aliquam convallis nunc proin at turpis a pede posuere nonummy integer non velit donec diam neque vestibulum eget vulputate ut ultrices vel augue vestibulum ante ipsum primis in faucibus orci luctus et ultrices posuere cubilia curae donec pharetra magna vestibulum aliquet ultrices erat tortor sollicitudin mi sit amet lobortis sapien sapien non mi integer ac neque duis bibendum morbi non quam nec dui luctus rutrum nulla tellus in sagittis dui vel nisl duis ac nibh fusce lacus purus aliquet at feugiat', '1993-01-01', '149.37', '1', '30', '74', '22'),
	('81', 'The Legend of Zelda: Link\'s Awakening', 'nibh fusce lacus purus aliquet at feugiat non pretium quis lectus suspendisse potenti in eleifend quam a odio in hac habitasse platea dictumst maecenas ut massa quis augue luctus tincidunt nulla mollis molestie lorem quisque ut erat curabitur gravida nisi at nibh in hac habitasse platea dictumst aliquam augue quam sollicitudin vitae consectetuer eget rutrum at lorem integer tincidunt ante vel ipsum praesent blandit lacinia erat vestibulum sed magna at nunc commodo', '1993-01-01', '98.74', '0', '2', '76', '13'),
	('82', 'Mega Man X', 'in quis justo maecenas rhoncus aliquam lacus morbi quis tortor id nulla ultrices aliquet maecenas', '1993-01-01', '52.39', '1', '3', '71', '39'),
	('83', 'Mortal Kombat II', 'sed ante vivamus tortor duis mattis egestas metus aenean fermentum donec ut mauris eget massa tempor convallis nulla neque libero convallis eget eleifend luctus ultricies eu nibh quisque id justo sit amet sapien dignissim vestibulum vestibulum ante ipsum primis in faucibus orci luctus et ultrices posuere cubilia curae nulla dapibus dolor vel est donec odio justo sollicitudin ut suscipit a feugiat et eros vestibulum ac est lacinia nisi venenatis tristique fusce congue diam id ornare imperdiet sapien urna pretium nisl', '1993-01-01', '61.14', '0', '32', '52', '8'),
	('84', 'Myst', 'pulvinar sed nisl nunc rhoncus dui vel sem sed sagittis nam congue risus semper porta volutpat quam pede lobortis ligula sit amet eleifend pede libero quis orci nullam molestie nibh in lectus pellentesque at nulla suspendisse potenti cras in purus eu magna vulputate luctus cum sociis natoque penatibus et magnis dis parturient montes nascetur ridiculus mus vivamus vestibulum sagittis sapien cum sociis natoque penatibus et magnis dis parturient', '1993-01-01', '54.16', '1', '8', '67', '36'),
	('85', 'NBA Jam', 'quisque ut erat curabitur gravida nisi at nibh in hac habitasse platea dictumst aliquam augue quam sollicitudin vitae consectetuer eget rutrum at lorem integer tincidunt ante vel ipsum praesent blandit lacinia erat vestibulum sed magna at nunc commodo placerat praesent blandit nam', '1993-01-01', '60.27', '1', '33', '74', '34'),
	('86', 'Phantasy Star IV', 'a odio in hac habitasse platea dictumst maecenas ut massa quis augue luctus tincidunt', '1993-01-01', '121.29', '1', '2', '11', '3'),
	('87', 'Ridge Racer', 'nibh in hac habitasse platea dictumst aliquam augue quam sollicitudin vitae consectetuer eget rutrum at lorem integer tincidunt ante vel ipsum praesent blandit lacinia erat vestibulum sed magna at nunc commodo placerat praesent blandit nam nulla integer pede justo lacinia eget tincidunt eget tempus vel pede morbi porttitor lorem', '1993-01-01', '89.79', '0', '27', '50', '34'),
	('88', 'Sam & Max Hit the Road', 'pellentesque quisque porta volutpat erat quisque erat eros viverra eget congue eget semper rutrum nulla nunc purus phasellus in felis donec semper sapien a libero nam dui proin leo odio porttitor id consequat in consequat ut nulla sed accumsan felis ut at dolor quis odio consequat varius integer ac leo pellentesque ultrices mattis odio donec vitae nisi nam ultrices libero non mattis pulvinar nulla pede ullamcorper augue', '1993-01-01', '113.33', '0', '35', '40', '32'),
	('89', 'Secret of Mana', 'id lobortis convallis tortor risus dapibus augue vel accumsan tellus nisi eu orci mauris lacinia sapien quis libero nullam sit amet turpis elementum ligula vehicula consequat morbi a ipsum integer a nibh in quis justo maecenas rhoncus aliquam lacus morbi quis tortor id nulla ultrices aliquet maecenas leo odio condimentum id luctus nec molestie sed justo pellentesque viverra', '1993-01-01', '74.11', '0', '6', '46', '24'),
	('90', 'Samurai Shodown', 'diam cras pellentesque volutpat dui maecenas tristique est et tempus semper est quam pharetra magna ac consequat metus sapien ut nunc vestibulum ante ipsum primis in faucibus orci luctus et ultrices posuere cubilia curae mauris viverra diam vitae quam suspendisse potenti nullam porttitor lacus at turpis donec posuere metus vitae ipsum aliquam non mauris morbi', '1993-01-01', '136.05', '1', '36', '43', '28'),
	('91', 'SimCity 2000', 'vulputate elementum nullam varius nulla facilisi cras non velit nec nisi vulputate nonummy maecenas tincidunt lacus at velit vivamus vel nulla eget eros elementum pellentesque quisque porta volutpat erat quisque erat eros viverra eget congue eget semper rutrum nulla nunc purus phasellus in felis donec semper sapien a libero nam dui proin leo odio porttitor id consequat in consequat ut nulla sed accumsan felis ut at dolor quis odio consequat varius integer ac leo pellentesque ultrices mattis odio donec vitae nisi nam ultrices libero non mattis pulvinar nulla pede ullamcorper augue a suscipit nulla', '1993-01-01', '147.62', '0', '6', '85', '7'),
	('92', 'Star Fox', 'justo nec condimentum neque sapien placerat ante nulla justo aliquam quis turpis eget elit sodales scelerisque mauris sit amet eros suspendisse accumsan tortor quis turpis sed ante vivamus tortor duis mattis egestas metus aenean fermentum donec ut mauris eget massa tempor convallis nulla neque libero convallis eget eleifend luctus ultricies eu nibh quisque id justo sit amet sapien dignissim vestibulum vestibulum ante ipsum primis in faucibus orci luctus et ultrices posuere cubilia curae nulla dapibus dolor vel est donec odio justo sollicitudin ut suscipit a feugiat et eros vestibulum ac est lacinia nisi venenatis tristique', '1993-01-01', '104.17', '1', '16', '89', '23'),
	('93', 'Syndicate', 'pellentesque ultrices phasellus id sapien in sapien iaculis congue vivamus metus arcu adipiscing molestie hendrerit at vulputate vitae nisl aenean lectus pellentesque eget nunc donec quis orci eget orci vehicula condimentum curabitur in libero ut massa volutpat convallis morbi odio odio elementum', '1993-01-01', '138.05', '0', '17', '19', '26'),
	('94', 'Daytona USA', 'est lacinia nisi venenatis tristique fusce congue diam id ornare imperdiet sapien urna pretium nisl ut volutpat sapien arcu sed augue aliquam erat volutpat in congue etiam justo etiam', '1994-01-01', '84.25', '0', '4', '92', '34'),
	('95', 'Donkey Kong Country', 'vel accumsan tellus nisi eu orci mauris lacinia sapien quis libero nullam sit amet turpis elementum ligula vehicula consequat morbi a ipsum integer a nibh in quis justo maecenas rhoncus aliquam lacus morbi quis tortor id nulla ultrices aliquet maecenas leo odio condimentum id luctus nec molestie sed justo pellentesque viverra pede ac diam cras pellentesque volutpat dui maecenas tristique est et tempus semper est quam pharetra magna ac consequat metus sapien', '1994-01-01', '134.32', '1', '40', '68', '33'),
	('96', 'Doom II', 'tristique est et tempus semper est quam pharetra magna ac consequat metus sapien ut nunc vestibulum ante ipsum primis in faucibus orci luctus et ultrices posuere cubilia curae mauris viverra diam vitae quam suspendisse potenti nullam porttitor lacus at turpis donec posuere metus vitae ipsum aliquam non mauris morbi non lectus aliquam sit amet diam in magna bibendum imperdiet nullam orci pede venenatis non sodales sed tincidunt eu felis fusce posuere felis sed lacus morbi sem mauris laoreet ut rhoncus aliquet pulvinar sed nisl nunc', '1994-01-01', '133.51', '0', '23', '7', '21'),
	('97', 'EarthBound', 'pretium iaculis justo in hac habitasse platea dictumst etiam faucibus cursus urna ut tellus nulla ut erat id mauris', '1994-01-01', '52.74', '0', '20', '19', '13'),
	('98', 'Final Fantasy VI', 'ipsum integer a nibh in quis justo maecenas rhoncus aliquam lacus morbi quis tortor id nulla ultrices aliquet maecenas leo odio condimentum id luctus nec molestie sed justo pellentesque viverra pede ac diam cras pellentesque volutpat dui maecenas tristique est et tempus semper est quam pharetra magna ac consequat metus sapien ut nunc vestibulum ante ipsum primis in faucibus', '1994-01-01', '112.08', '1', '12', '79', '32'),
	('99', 'Sega Rally Championship', 'rutrum neque aenean auctor gravida sem praesent id massa id nisl venenatis lacinia aenean sit amet justo morbi ut odio cras mi pede malesuada in imperdiet et commodo vulputate justo in blandit ultrices enim lorem ipsum dolor sit amet consectetuer adipiscing elit proin interdum mauris non ligula', '1994-01-01', '137.89', '0', '35', '20', '16'),
	('100', 'Sensible World of Soccer', 'quam turpis adipiscing lorem vitae mattis nibh ligula nec sem duis aliquam convallis nunc proin at turpis a pede posuere nonummy integer non velit donec diam neque vestibulum eget vulputate ut ultrices vel augue vestibulum ante ipsum primis in faucibus orci luctus et ultrices posuere cubilia curae donec pharetra magna vestibulum aliquet ultrices erat tortor sollicitudin mi sit amet lobortis sapien sapien non mi integer ac neque duis bibendum morbi non quam nec dui luctus rutrum nulla tellus in sagittis dui vel nisl duis ac nibh fusce lacus purus aliquet at feugiat', '1994-01-01', '60.35', '1', '19', '27', '22'),
	('101', 'Star Wars: TIE Fighter', 'posuere cubilia curae donec pharetra magna vestibulum aliquet ultrices erat tortor sollicitudin mi sit amet lobortis sapien sapien non mi integer ac neque duis bibendum morbi non quam nec dui luctus rutrum nulla tellus in sagittis dui vel nisl duis ac nibh fusce lacus purus aliquet at feugiat non pretium quis', '1994-01-01', '149.43', '0', '16', '33', '16'),
	('102', 'Super Metroid', 'nec molestie sed justo pellentesque viverra pede ac diam cras pellentesque volutpat dui maecenas tristique est et tempus semper est quam pharetra magna ac consequat metus sapien ut nunc vestibulum ante ipsum primis in faucibus orci luctus et ultrices posuere cubilia curae mauris viverra diam vitae quam suspendisse potenti nullam porttitor lacus at turpis donec posuere metus vitae ipsum aliquam non mauris morbi non lectus aliquam sit amet diam in magna bibendum imperdiet nullam orci pede venenatis non sodales sed tincidunt eu felis fusce posuere felis sed lacus morbi sem mauris laoreet ut rhoncus', '1994-01-01', '142.7', '1', '11', '30', '30'),
	('103', 'Tempest 2000', 'non quam nec dui luctus rutrum nulla tellus in sagittis dui vel nisl duis ac nibh fusce lacus purus aliquet at feugiat non pretium quis lectus suspendisse potenti in eleifend quam a odio in hac habitasse platea dictumst maecenas ut massa quis augue luctus tincidunt nulla mollis molestie lorem quisque ut erat curabitur gravida nisi at nibh in hac habitasse platea dictumst aliquam augue', '1994-01-01', '76.85', '0', '38', '12', '37'),
	('104', 'Theme Park', 'urna ut tellus nulla ut erat id mauris vulputate elementum nullam varius nulla facilisi cras non velit nec nisi vulputate nonummy maecenas tincidunt lacus at velit vivamus vel nulla eget eros elementum pellentesque quisque porta volutpat erat quisque erat eros viverra eget congue eget semper rutrum nulla nunc purus phasellus in felis donec semper sapien a', '1994-01-01', '135.94', '0', '33', '12', '23'),
	('105', 'Virtua Fighter 2', 'suscipit a feugiat et eros vestibulum ac est lacinia nisi venenatis tristique fusce congue diam id ornare imperdiet sapien urna pretium nisl ut volutpat sapien arcu sed augue aliquam erat volutpat in congue etiam justo etiam pretium iaculis justo in hac habitasse platea dictumst etiam faucibus cursus urna', '1994-01-01', '89.72', '0', '30', '1', '34'),
	('106', 'X-COM: UFO Defense', 'mauris viverra diam vitae quam suspendisse potenti nullam porttitor lacus at turpis donec posuere metus vitae ipsum aliquam non mauris morbi non lectus aliquam sit amet diam in magna bibendum imperdiet nullam orci pede venenatis non sodales sed tincidunt eu felis fusce posuere', '1994-01-01', '58.77', '0', '20', '7', '32'),
	('107', 'Chrono Trigger', 'ultrices mattis odio donec vitae nisi nam ultrices libero non mattis pulvinar nulla pede ullamcorper augue a suscipit nulla elit ac nulla sed vel enim sit amet nunc viverra dapibus nulla suscipit ligula in lacus curabitur at ipsum ac tellus semper', '1995-01-01', '98.86', '0', '40', '93', '35'),
	('108', 'Command & Conquer', 'sed justo pellentesque viverra pede ac diam cras pellentesque volutpat dui maecenas tristique est et tempus semper est quam pharetra magna ac consequat metus sapien ut nunc vestibulum ante ipsum primis in faucibus orci luctus et ultrices posuere cubilia curae mauris viverra diam vitae quam suspendisse potenti nullam porttitor lacus at turpis donec posuere metus vitae ipsum aliquam non mauris morbi non lectus aliquam sit amet diam in magna bibendum imperdiet nullam orci pede venenatis non sodales sed tincidunt eu felis fusce posuere felis sed lacus morbi', '1995-01-01', '123.14', '1', '11', '29', '16'),
	('109', 'MechWarrior 2: 31st Century Combat', 'vivamus tortor duis mattis egestas metus aenean fermentum donec ut mauris eget massa tempor convallis nulla neque libero convallis eget eleifend luctus ultricies eu nibh', '1995-01-01', '69.19', '0', '36', '79', '2'),
	('110', 'Warcraft II: Tides of Darkness', 'eu est congue elementum in hac habitasse platea dictumst morbi vestibulum velit id pretium iaculis diam erat fermentum justo nec condimentum neque sapien placerat ante nulla justo aliquam quis turpis eget elit sodales scelerisque mauris sit amet eros suspendisse accumsan tortor quis turpis sed ante vivamus tortor duis mattis egestas metus aenean fermentum donec ut mauris eget massa tempor convallis nulla neque libero convallis eget eleifend luctus ultricies eu nibh quisque id justo sit amet sapien dignissim vestibulum vestibulum ante ipsum primis in faucibus orci luctus et', '1995-01-01', '146.33', '0', '42', '1', '8'),
	('111', 'Wipeout', 'porttitor lacus at turpis donec posuere metus vitae ipsum aliquam non mauris morbi non lectus aliquam sit amet diam in magna bibendum imperdiet nullam orci pede venenatis non sodales sed tincidunt eu felis fusce posuere felis sed lacus morbi sem mauris laoreet ut rhoncus aliquet pulvinar sed', '1995-01-01', '55.65', '1', '28', '88', '7'),
	('112', 'Worms', 'felis donec semper sapien a libero nam dui proin leo odio porttitor id consequat in consequat ut nulla sed accumsan felis ut at dolor quis odio consequat varius integer ac leo pellentesque ultrices mattis odio donec vitae nisi nam ultrices libero non mattis pulvinar', '1995-01-01', '135.09', '1', '9', '82', '10'),
	('113', 'Yoshi\'s Island', 'enim blandit mi in porttitor pede justo eu massa donec dapibus duis at velit eu est congue elementum in hac habitasse platea dictumst morbi vestibulum velit id pretium iaculis diam erat fermentum justo nec condimentum neque sapien placerat ante nulla justo aliquam quis turpis eget elit sodales scelerisque mauris sit amet eros suspendisse accumsan tortor quis turpis sed ante vivamus tortor duis mattis egestas metus aenean', '1996-01-01', '123.64', '0', '1', '60', '36'),
	('114', 'Civilization II', 'consequat lectus in est risus auctor sed tristique in tempus sit amet sem fusce consequat nulla nisl', '1996-01-01', '81.25', '1', '9', '55', '29'),
	('115', 'Command & Conquer: Red Alert', 'posuere nonummy integer non velit donec diam neque vestibulum eget vulputate ut ultrices vel augue vestibulum ante ipsum primis in faucibus orci luctus et ultrices posuere cubilia curae donec pharetra', '1996-01-01', '75.05', '0', '7', '54', '5'),
	('116', 'Duke Nukem 3D', 'quis odio consequat varius integer ac leo pellentesque ultrices mattis odio donec vitae nisi nam ultrices libero non mattis pulvinar', '1996-01-01', '120.72', '0', '11', '22', '1'),
	('117', 'Mario Kart 64', 'dictumst aliquam augue quam sollicitudin vitae consectetuer eget rutrum at lorem integer tincidunt ante vel ipsum praesent blandit lacinia erat vestibulum sed magna at nunc commodo placerat praesent blandit nam nulla integer pede justo lacinia eget tincidunt eget tempus vel pede morbi porttitor lorem id ligula suspendisse ornare consequat lectus in est risus auctor sed tristique in tempus sit amet sem fusce consequat nulla nisl nunc nisl duis bibendum felis sed interdum venenatis turpis enim blandit mi in porttitor pede justo eu massa', '1996-01-01', '61.13', '1', '36', '94', '38'),
	('118', 'Nights into Dreams', 'lacus purus aliquet at feugiat non pretium quis lectus suspendisse potenti in eleifend quam a odio in hac habitasse platea dictumst maecenas ut massa quis augue luctus tincidunt nulla mollis molestie lorem quisque ut erat curabitur gravida nisi at nibh in hac habitasse platea dictumst aliquam augue quam sollicitudin vitae consectetuer eget rutrum at lorem integer tincidunt ante vel ipsum praesent blandit lacinia erat vestibulum sed magna at nunc commodo placerat praesent blandit nam nulla integer pede justo lacinia', '1996-01-01', '113.14', '0', '31', '70', '1'),
	('119', 'PaRappa the Rapper', 'odio curabitur convallis duis consequat dui nec nisi volutpat eleifend donec ut dolor morbi vel lectus in quam fringilla rhoncus mauris enim leo rhoncus sed vestibulum sit amet cursus id turpis integer aliquet massa id lobortis convallis tortor risus dapibus augue vel accumsan tellus nisi eu orci mauris lacinia sapien quis libero nullam sit amet turpis elementum ligula vehicula consequat morbi a ipsum integer a nibh in quis justo maecenas rhoncus aliquam lacus morbi quis tortor id nulla ultrices aliquet maecenas leo odio condimentum id luctus nec molestie sed justo pellentesque viverra pede ac diam cras', '1996-01-01', '94.44', '1', '33', '11', '34'),
	('120', 'Pokémon Red and Blue', 'natoque penatibus et magnis dis parturient montes nascetur ridiculus mus etiam vel augue vestibulum rutrum rutrum neque aenean auctor gravida sem praesent id massa id nisl venenatis lacinia aenean sit amet justo morbi ut odio cras mi pede malesuada in imperdiet et commodo vulputate justo in blandit ultrices enim lorem ipsum dolor sit amet consectetuer adipiscing elit proin interdum mauris non ligula pellentesque ultrices phasellus id sapien in sapien iaculis congue vivamus metus arcu adipiscing molestie hendrerit at vulputate vitae nisl aenean lectus', '1996-01-01', '101.15', '1', '7', '9', '25'),
	('121', 'Quake', 'sollicitudin ut suscipit a feugiat et eros vestibulum ac est lacinia nisi venenatis tristique fusce congue diam id ornare', '1996-01-01', '80.36', '0', '8', '25', '18'),
	('122', 'Resident Evil', 'interdum in ante vestibulum ante ipsum primis in faucibus orci', '1996-01-01', '91.71', '0', '27', '62', '21'),
	('123', 'Super Mario 64', 'morbi odio odio elementum eu interdum eu tincidunt in leo maecenas pulvinar lobortis est phasellus sit amet erat nulla tempus vivamus in felis eu sapien cursus vestibulum proin eu mi nulla ac enim in tempor turpis nec euismod scelerisque quam turpis adipiscing lorem vitae mattis nibh ligula nec sem duis aliquam convallis nunc proin at turpis a pede posuere nonummy integer non velit donec diam neque', '1996-01-01', '62.29', '0', '11', '43', '27'),
	('124', 'Tomb Raider', 'enim lorem ipsum dolor sit amet consectetuer adipiscing elit proin interdum mauris non ligula', '1996-01-01', '119.38', '0', '42', '54', '1'),
	('125', 'Wave Race 64', 'integer a nibh in quis justo maecenas rhoncus aliquam lacus morbi quis tortor id nulla ultrices aliquet maecenas leo odio condimentum id luctus nec molestie sed justo pellentesque viverra pede ac diam cras pellentesque volutpat dui maecenas tristique est et tempus semper est quam pharetra magna ac consequat metus sapien ut nunc vestibulum ante ipsum primis in faucibus orci luctus et ultrices posuere cubilia curae mauris viverra diam vitae quam suspendisse potenti nullam porttitor lacus at turpis donec posuere metus vitae ipsum aliquam non mauris morbi non lectus aliquam sit amet diam in magna', '1996-01-01', '128.23', '0', '21', '23', '28'),
	('126', 'Wipeout 2097', 'sapien quis libero nullam sit amet turpis elementum ligula vehicula consequat morbi a ipsum integer a nibh in quis justo maecenas rhoncus aliquam lacus morbi quis tortor id nulla ultrices aliquet maecenas leo odio', '1996-01-01', '145.32', '0', '12', '22', '23'),
	('127', 'Age of Empires', 'neque aenean auctor gravida sem praesent id massa id nisl venenatis lacinia aenean sit amet justo morbi ut odio cras mi pede malesuada in imperdiet et commodo vulputate justo in blandit ultrices enim lorem ipsum dolor sit amet consectetuer adipiscing elit proin interdum mauris non ligula pellentesque ultrices phasellus id sapien in sapien iaculis congue vivamus metus arcu adipiscing molestie hendrerit at vulputate vitae nisl aenean lectus pellentesque', '1997-01-01', '50.11', '0', '11', '23', '26'),
	('128', 'Castlevania: Symphony of the Night', 'sem praesent id massa id nisl venenatis lacinia aenean sit amet justo morbi ut odio cras mi pede malesuada in imperdiet et commodo vulputate justo in blandit ultrices enim lorem ipsum dolor sit amet consectetuer adipiscing elit proin interdum mauris non ligula', '1997-01-01', '72.19', '0', '26', '67', '38'),
	('129', 'Diablo', 'sapien placerat ante nulla justo aliquam quis turpis eget elit sodales scelerisque mauris sit amet eros suspendisse accumsan tortor quis turpis sed ante vivamus tortor duis mattis egestas metus aenean fermentum donec ut mauris eget massa tempor convallis nulla neque libero convallis eget eleifend luctus ultricies eu nibh quisque id justo sit amet sapien dignissim vestibulum vestibulum ante ipsum primis in faucibus orci luctus et ultrices posuere cubilia curae nulla dapibus dolor vel est donec odio justo sollicitudin ut suscipit a feugiat et eros', '1997-01-01', '146.73', '1', '31', '35', '9'),
	('130', 'Fallout', 'molestie lorem quisque ut erat curabitur gravida nisi at nibh in hac habitasse platea dictumst aliquam augue quam sollicitudin vitae consectetuer eget rutrum at lorem integer tincidunt ante vel ipsum praesent blandit lacinia erat vestibulum sed magna at nunc commodo placerat praesent blandit nam nulla integer pede justo lacinia eget tincidunt eget tempus vel pede morbi porttitor lorem id ligula suspendisse ornare consequat lectus in est risus auctor sed tristique in tempus sit amet sem fusce consequat nulla nisl nunc nisl duis bibendum felis sed interdum venenatis turpis enim blandit mi', '1997-01-01', '143.57', '1', '11', '64', '31'),
	('131', 'Final Fantasy Tactics', 'sapien in sapien iaculis congue vivamus metus arcu adipiscing molestie hendrerit at vulputate vitae nisl aenean lectus pellentesque eget nunc donec quis orci eget orci vehicula condimentum curabitur in libero ut massa volutpat convallis morbi odio odio elementum eu interdum eu tincidunt in leo maecenas pulvinar lobortis est phasellus sit amet erat nulla tempus vivamus in felis eu sapien cursus vestibulum proin eu mi nulla ac enim in tempor turpis nec', '1997-01-01', '103.46', '0', '16', '79', '23'),
	('132', 'Final Fantasy VII', 'ut dolor morbi vel lectus in quam fringilla rhoncus mauris enim leo rhoncus sed vestibulum sit amet cursus id turpis integer aliquet massa id lobortis convallis tortor risus dapibus augue vel accumsan tellus nisi eu orci mauris lacinia sapien quis libero nullam sit amet turpis elementum ligula vehicula consequat morbi a ipsum integer a nibh in quis justo maecenas rhoncus aliquam lacus morbi quis tortor id nulla ultrices aliquet maecenas leo odio condimentum id luctus nec molestie sed justo pellentesque viverra pede ac diam cras', '1997-01-01', '69.8', '1', '12', '2', '24'),
	('133', 'GoldenEye 007', 'elit proin risus praesent lectus vestibulum quam sapien varius ut blandit non interdum in ante vestibulum ante ipsum primis in faucibus orci luctus et ultrices posuere cubilia curae duis faucibus accumsan odio curabitur convallis duis consequat dui nec nisi volutpat eleifend donec ut dolor morbi vel lectus in quam fringilla rhoncus mauris enim leo rhoncus sed vestibulum sit amet cursus id turpis integer aliquet massa id lobortis convallis tortor risus dapibus augue vel accumsan tellus nisi eu orci mauris lacinia sapien quis libero nullam sit amet turpis elementum ligula vehicula consequat morbi a ipsum integer a nibh in quis justo', '1997-01-01', '142.58', '1', '26', '66', '31'),
	('134', 'Gran Turismo', 'integer a nibh in quis justo maecenas rhoncus aliquam lacus morbi quis tortor id nulla ultrices aliquet maecenas leo odio condimentum id luctus nec molestie sed justo pellentesque viverra pede ac diam cras pellentesque volutpat dui maecenas tristique est et tempus semper est quam pharetra magna ac consequat metus sapien ut nunc vestibulum ante ipsum primis in faucibus orci luctus et ultrices posuere cubilia curae mauris viverra diam vitae quam suspendisse potenti nullam porttitor lacus at turpis donec posuere metus vitae ipsum aliquam non mauris morbi non lectus aliquam sit amet diam in magna', '1997-01-01', '67.85', '0', '29', '84', '21'),
	('135', 'Grand Theft Auto', 'curae donec pharetra magna vestibulum aliquet ultrices erat tortor sollicitudin mi sit amet lobortis sapien sapien non mi integer ac neque duis bibendum morbi non quam nec dui luctus rutrum nulla tellus in sagittis dui vel nisl duis ac nibh fusce lacus purus aliquet at feugiat non pretium quis lectus suspendisse potenti in eleifend quam a odio in hac habitasse platea dictumst maecenas ut massa quis augue', '1997-01-01', '132.31', '0', '10', '49', '9'),
	('136', 'Quake II', 'nec euismod scelerisque quam turpis adipiscing lorem vitae mattis nibh ligula nec sem duis aliquam convallis nunc proin at turpis a pede posuere nonummy integer non velit donec diam neque vestibulum eget vulputate ut ultrices vel augue vestibulum ante ipsum primis in faucibus orci luctus et ultrices posuere cubilia curae donec pharetra magna vestibulum aliquet ultrices erat tortor sollicitudin mi sit amet lobortis sapien sapien non mi integer ac neque duis bibendum morbi non quam nec dui luctus rutrum nulla tellus in sagittis dui vel nisl', '1997-01-01', '139.77', '1', '24', '22', '21'),
	('137', 'Star Fox 64', 'fusce lacus purus aliquet at feugiat non pretium quis lectus suspendisse potenti in eleifend quam a odio in hac habitasse platea dictumst maecenas ut massa quis augue luctus tincidunt nulla mollis molestie lorem quisque ut erat curabitur gravida nisi at nibh in hac habitasse platea dictumst aliquam augue quam sollicitudin vitae consectetuer eget rutrum at lorem integer tincidunt ante vel ipsum praesent blandit lacinia erat vestibulum sed magna at nunc', '1997-01-01', '67.52', '0', '18', '21', '10'),
	('138', 'Star Wars Jedi Knight: Dark Forces II', 'interdum mauris non ligula pellentesque ultrices phasellus id sapien in sapien iaculis congue vivamus metus arcu adipiscing molestie hendrerit at vulputate vitae nisl aenean lectus pellentesque eget nunc donec quis orci eget orci vehicula condimentum curabitur in libero ut massa volutpat', '1997-01-01', '135.45', '1', '4', '43', '28'),
	('139', 'Tekken 3', 'urna pretium nisl ut volutpat sapien arcu sed augue aliquam erat volutpat in congue etiam justo etiam pretium iaculis justo in hac habitasse platea dictumst etiam faucibus cursus urna ut tellus nulla ut erat id mauris vulputate elementum nullam varius nulla facilisi cras non velit nec nisi vulputate nonummy maecenas tincidunt lacus at velit vivamus vel nulla eget eros elementum pellentesque quisque porta volutpat', '1997-01-01', '122.92', '0', '1', '44', '37'),
	('140', 'Total Annihilation', 'id lobortis convallis tortor risus dapibus augue vel accumsan tellus nisi eu orci mauris lacinia sapien quis libero nullam sit amet turpis elementum ligula vehicula consequat morbi a ipsum integer', '1997-01-01', '72.05', '1', '1', '74', '35'),
	('141', 'Ultima Online', 'massa tempor convallis nulla neque libero convallis eget eleifend luctus ultricies eu nibh quisque id justo sit amet sapien dignissim vestibulum vestibulum ante ipsum primis in faucibus orci luctus et ultrices posuere cubilia curae nulla dapibus dolor vel est donec odio justo', '1997-01-01', '54.67', '0', '30', '79', '34'),
	('142', 'Baldur\'s Gate', 'lectus vestibulum quam sapien varius ut blandit non interdum in ante vestibulum ante ipsum primis in faucibus orci luctus et ultrices posuere', '1998-01-01', '75.02', '0', '8', '66', '15'),
	('143', 'Crash Bandicoot: Warped', 'sollicitudin vitae consectetuer eget rutrum at lorem integer tincidunt ante vel ipsum praesent blandit lacinia erat vestibulum sed magna at nunc commodo placerat praesent blandit nam nulla integer pede justo lacinia eget tincidunt eget tempus vel pede morbi porttitor lorem id ligula suspendisse ornare consequat lectus', '1998-01-01', '81.71', '0', '36', '7', '28'),
	('144', 'Dance Dance Revolution', 'nunc nisl duis bibendum felis sed interdum venenatis turpis enim blandit mi in porttitor pede justo eu massa donec dapibus duis at velit eu est congue elementum in hac habitasse platea dictumst morbi vestibulum velit id pretium iaculis diam erat fermentum justo nec condimentum neque sapien placerat ante nulla justo aliquam quis turpis eget elit sodales scelerisque mauris sit amet eros suspendisse accumsan tortor quis turpis sed ante vivamus tortor duis mattis egestas metus aenean fermentum donec ut mauris eget', '1998-01-01', '86.04', '0', '35', '23', '7'),
	('145', 'Fallout 2', 'quam nec dui luctus rutrum nulla tellus in sagittis dui vel nisl duis ac nibh fusce lacus purus aliquet', '1998-01-01', '83.94', '1', '2', '94', '26'),
	('146', 'Grim Fandango', 'congue diam id ornare imperdiet sapien urna pretium nisl ut volutpat sapien arcu sed augue aliquam erat volutpat in congue etiam justo etiam pretium iaculis justo in hac habitasse platea dictumst etiam faucibus cursus urna ut tellus nulla ut erat id mauris vulputate elementum nullam varius nulla facilisi cras non velit nec nisi vulputate nonummy maecenas tincidunt lacus at velit vivamus vel nulla eget eros elementum pellentesque quisque porta volutpat erat quisque erat eros viverra eget congue eget semper rutrum nulla nunc purus phasellus in felis donec semper sapien a libero', '1998-01-01', '113.68', '1', '12', '33', '21'),
	('147', 'Half-Life', 'turpis integer aliquet massa id lobortis convallis tortor risus dapibus augue vel accumsan tellus nisi eu orci mauris lacinia sapien quis libero nullam sit amet turpis elementum ligula vehicula consequat morbi a ipsum integer a nibh in quis justo maecenas rhoncus aliquam lacus morbi quis tortor id nulla ultrices aliquet maecenas leo odio condimentum id luctus nec molestie sed justo pellentesque viverra pede ac diam cras pellentesque volutpat dui', '1998-01-01', '86.23', '1', '42', '82', '17'),
	('148', 'The Legend of Zelda: Ocarina of Time', 'quis libero nullam sit amet turpis elementum ligula vehicula consequat morbi a ipsum integer a nibh in quis justo maecenas rhoncus aliquam lacus morbi quis tortor id nulla ultrices aliquet maecenas leo odio condimentum id luctus nec molestie sed justo pellentesque viverra pede ac diam cras pellentesque volutpat dui', '1998-01-01', '65.43', '0', '40', '84', '6'),
	('149', 'Metal Gear Solid', 'orci nullam molestie nibh in lectus pellentesque at nulla suspendisse potenti cras in purus eu magna vulputate luctus cum', '1998-01-01', '117.34', '1', '11', '90', '7'),
	('150', 'Panzer Dragoon Saga', 'eget tempus vel pede morbi porttitor lorem id ligula suspendisse ornare consequat lectus in est risus auctor sed tristique in tempus sit amet sem fusce consequat nulla nisl nunc nisl duis bibendum felis sed interdum venenatis turpis enim blandit mi in porttitor pede justo eu massa donec dapibus duis at velit eu est congue elementum in hac habitasse platea dictumst morbi vestibulum velit id pretium iaculis diam erat fermentum justo nec condimentum neque sapien placerat ante nulla justo aliquam quis turpis eget elit sodales scelerisque mauris sit amet eros suspendisse', '1998-01-01', '63.16', '0', '38', '68', '27'),
	('151', 'Resident Evil 2', 'ut massa quis augue luctus tincidunt nulla mollis molestie lorem quisque ut erat curabitur gravida nisi at nibh in hac habitasse platea dictumst aliquam augue quam sollicitudin vitae consectetuer eget rutrum at lorem integer tincidunt ante vel ipsum praesent blandit lacinia erat vestibulum', '1998-01-01', '51.78', '0', '29', '29', '37'),
	('152', 'Soulcalibur', 'ut massa quis augue luctus tincidunt nulla mollis molestie lorem quisque ut erat curabitur gravida nisi at nibh in hac habitasse platea dictumst aliquam augue quam sollicitudin vitae consectetuer eget rutrum at lorem integer tincidunt ante vel ipsum praesent blandit lacinia erat vestibulum sed magna at nunc commodo placerat', '1998-01-01', '91.6', '0', '29', '92', '32'),
	('153', 'StarCraft', 'accumsan tortor quis turpis sed ante vivamus tortor duis mattis egestas metus aenean fermentum donec ut mauris eget massa tempor convallis nulla neque libero convallis eget eleifend luctus ultricies eu nibh quisque id justo sit amet sapien dignissim vestibulum vestibulum ante ipsum primis in faucibus orci luctus et ultrices posuere cubilia curae nulla dapibus dolor vel est donec odio justo sollicitudin ut suscipit a feugiat et eros vestibulum ac est lacinia nisi venenatis tristique fusce congue diam id ornare imperdiet sapien urna pretium nisl ut volutpat sapien arcu sed augue aliquam erat volutpat in congue etiam', '1998-01-01', '67.45', '1', '32', '17', '4'),
	('154', 'Suikoden II', 'volutpat in congue etiam justo etiam pretium iaculis justo in hac habitasse platea dictumst etiam faucibus cursus urna ut tellus nulla ut erat id mauris vulputate elementum nullam varius nulla facilisi cras non velit nec nisi vulputate nonummy maecenas tincidunt lacus at velit vivamus vel nulla eget eros elementum pellentesque quisque porta volutpat erat quisque erat eros viverra eget congue eget semper rutrum nulla nunc purus phasellus in felis donec semper sapien a libero nam dui proin leo odio porttitor id consequat in consequat ut nulla sed accumsan felis ut at dolor quis', '1998-01-01', '91.62', '1', '8', '46', '2'),
	('155', 'Thief: The Dark Project', 'orci pede venenatis non sodales sed tincidunt eu felis fusce posuere felis sed', '1998-01-01', '148.02', '0', '35', '31', '12'),
	('156', 'Age of Empires II', 'morbi quis tortor id nulla ultrices aliquet maecenas leo odio condimentum id luctus nec molestie sed justo pellentesque viverra pede ac diam cras pellentesque volutpat dui maecenas', '1999-01-01', '102.9', '0', '12', '7', '18'),
	('157', 'EverQuest', 'cum sociis natoque penatibus et magnis dis parturient montes nascetur ridiculus mus etiam vel augue vestibulum rutrum rutrum neque aenean auctor gravida sem praesent id massa id nisl venenatis lacinia', '1999-01-01', '144.52', '1', '30', '28', '27'),
	('158', 'Homeworld', 'tempor turpis nec euismod scelerisque quam turpis adipiscing lorem vitae mattis nibh ligula', '1999-01-01', '108.76', '1', '36', '44', '27'),
	('159', 'Planescape: Torment', 'orci nullam molestie nibh in lectus pellentesque at nulla suspendisse potenti cras in purus eu magna vulputate luctus cum sociis natoque penatibus et magnis dis parturient montes nascetur ridiculus mus vivamus vestibulum sagittis sapien cum sociis natoque penatibus et magnis dis parturient montes nascetur ridiculus mus etiam vel augue vestibulum rutrum rutrum neque aenean auctor gravida sem praesent id massa id nisl venenatis lacinia aenean sit amet justo morbi ut odio cras mi pede malesuada in imperdiet et commodo vulputate justo in blandit ultrices enim lorem ipsum dolor sit amet consectetuer adipiscing elit proin interdum mauris non ligula', '1999-01-01', '81.9', '0', '34', '8', '18'),
	('160', 'Pokémon Gold and Silver', 'etiam pretium iaculis justo in hac habitasse platea dictumst etiam faucibus cursus urna ut tellus nulla ut erat id mauris vulputate elementum nullam varius nulla facilisi cras non velit nec nisi vulputate nonummy maecenas tincidunt lacus at velit vivamus vel nulla eget eros elementum pellentesque quisque porta volutpat erat', '1999-01-01', '79.37', '1', '34', '47', '24'),
	('161', 'Quake III: Arena', 'at turpis donec posuere metus vitae ipsum aliquam non mauris morbi non lectus aliquam sit amet diam in magna bibendum imperdiet nullam orci pede venenatis non sodales sed tincidunt eu felis fusce posuere felis sed lacus morbi', '1999-01-01', '55.79', '1', '39', '37', '4'),
	('162', 'Shenmue', 'quam suspendisse potenti nullam porttitor lacus at turpis donec posuere metus vitae ipsum aliquam non mauris morbi non lectus aliquam sit amet diam in magna bibendum imperdiet nullam orci pede venenatis non sodales sed tincidunt eu felis fusce posuere felis sed lacus morbi sem', '1999-01-01', '90.34', '0', '13', '11', '7'),
	('163', 'Silent Hill', 'in faucibus orci luctus et ultrices posuere cubilia curae duis faucibus accumsan odio curabitur convallis duis consequat dui nec nisi volutpat eleifend donec ut dolor morbi vel lectus in quam fringilla rhoncus', '1999-01-01', '119.38', '1', '23', '24', '33'),
	('164', 'System Shock 2', 'vel augue vestibulum ante ipsum primis in faucibus orci luctus et ultrices posuere cubilia curae donec pharetra magna vestibulum aliquet ultrices erat tortor sollicitudin mi sit', '1999-01-01', '121.18', '0', '42', '55', '7'),
	('165', 'Unreal Tournament', 'mollis molestie lorem quisque ut erat curabitur gravida nisi at nibh in hac habitasse platea dictumst aliquam augue quam sollicitudin vitae consectetuer eget rutrum at lorem integer tincidunt ante vel ipsum praesent blandit lacinia erat vestibulum sed magna at nunc commodo placerat praesent blandit nam nulla integer pede justo lacinia eget tincidunt eget tempus vel pede morbi porttitor lorem id ligula suspendisse ornare consequat lectus in est risus auctor sed tristique in tempus sit amet sem', '1999-01-01', '108.97', '0', '17', '33', '21'),
	('166', 'Baldur\'s Gate II: Shadows of Amn', 'tincidunt eget tempus vel pede morbi porttitor lorem id ligula suspendisse ornare consequat lectus in est risus auctor sed tristique in tempus sit amet sem fusce consequat nulla nisl nunc nisl duis bibendum felis sed interdum venenatis turpis enim blandit mi in porttitor pede justo eu massa donec dapibus duis at velit eu est congue elementum in hac habitasse platea dictumst morbi vestibulum velit id pretium iaculis diam erat fermentum justo nec condimentum neque sapien placerat ante nulla justo aliquam quis turpis eget elit sodales scelerisque mauris sit amet eros suspendisse accumsan tortor quis turpis sed ante vivamus', '2000-01-01', '76.51', '0', '27', '26', '22'),
	('167', 'Counter-Strike', 'id ligula suspendisse ornare consequat lectus in est risus auctor sed tristique in tempus sit amet sem fusce consequat nulla nisl nunc nisl duis bibendum felis sed interdum venenatis turpis enim blandit mi in porttitor pede justo eu massa donec dapibus duis at velit eu est congue elementum in hac habitasse platea dictumst morbi vestibulum velit id pretium iaculis diam erat fermentum justo nec condimentum neque sapien placerat ante nulla justo aliquam quis turpis eget elit sodales scelerisque mauris sit amet eros suspendisse accumsan tortor quis turpis sed ante vivamus tortor duis mattis egestas metus aenean', '2000-01-01', '121.56', '1', '25', '63', '4'),
	('168', 'Deus Ex', 'augue vestibulum ante ipsum primis in faucibus orci luctus et ultrices posuere cubilia curae donec pharetra magna vestibulum aliquet ultrices erat tortor sollicitudin mi sit amet lobortis sapien sapien non mi integer ac neque duis bibendum morbi non quam nec dui luctus rutrum nulla tellus in sagittis dui vel nisl duis ac nibh fusce lacus purus aliquet at feugiat non pretium quis lectus suspendisse potenti in eleifend quam a odio in', '2000-01-01', '87.19', '1', '30', '93', '20'),
	('169', 'Diablo II', 'consequat lectus in est risus auctor sed tristique in tempus sit amet sem fusce consequat nulla nisl nunc nisl duis bibendum felis sed interdum venenatis turpis enim blandit mi in porttitor', '2000-01-01', '124.9', '1', '37', '92', '11'),
	('170', 'Jet Set Radio', 'lobortis est phasellus sit amet erat nulla tempus vivamus in felis eu sapien cursus vestibulum proin eu mi nulla ac enim in tempor turpis nec euismod', '2000-01-01', '72.66', '0', '16', '2', '16'),
	('171', 'The Legend of Zelda: Majora\'s Mask', 'vel augue vestibulum ante ipsum primis in faucibus orci luctus et ultrices posuere cubilia curae donec pharetra magna vestibulum aliquet ultrices erat tortor sollicitudin mi sit amet lobortis sapien sapien non mi integer ac neque duis bibendum morbi non quam nec dui luctus rutrum nulla tellus in sagittis dui vel nisl duis ac nibh fusce lacus purus aliquet at feugiat non pretium quis lectus suspendisse potenti in eleifend quam a odio in hac habitasse platea dictumst maecenas ut massa quis augue luctus tincidunt nulla mollis', '2000-01-01', '118.72', '0', '10', '20', '21'),
	('172', 'Perfect Dark', 'ultrices posuere cubilia curae duis faucibus accumsan odio curabitur convallis duis consequat dui nec nisi volutpat eleifend donec ut dolor morbi vel lectus in quam fringilla rhoncus mauris enim leo rhoncus sed vestibulum sit amet cursus id turpis integer aliquet massa id lobortis convallis tortor risus dapibus augue vel accumsan tellus nisi eu orci mauris lacinia sapien quis libero nullam sit amet turpis elementum ligula vehicula consequat morbi a ipsum integer a nibh in quis justo maecenas rhoncus aliquam lacus morbi quis tortor', '2000-01-01', '146.46', '1', '13', '77', '20'),
	('173', 'Marvel vs. Capcom 2: New Age of Heroes', 'ligula nec sem duis aliquam convallis nunc proin at turpis a pede posuere nonummy integer non velit donec diam neque vestibulum eget vulputate ut ultrices vel augue vestibulum ante ipsum primis in faucibus orci luctus et ultrices posuere cubilia curae donec pharetra magna vestibulum aliquet ultrices erat tortor sollicitudin mi sit amet lobortis sapien sapien non mi integer ac neque duis bibendum morbi non quam nec dui luctus rutrum nulla tellus in sagittis dui vel nisl duis ac nibh fusce lacus', '2000-01-01', '73.39', '1', '26', '3', '11'),
	('174', 'The Sims', 'sodales scelerisque mauris sit amet eros suspendisse accumsan tortor quis turpis sed ante vivamus tortor duis mattis egestas metus aenean fermentum donec ut mauris eget massa tempor convallis nulla neque libero convallis eget eleifend luctus ultricies eu nibh quisque id justo sit amet sapien dignissim vestibulum vestibulum ante ipsum primis in faucibus orci luctus et ultrices posuere cubilia curae nulla dapibus dolor vel est donec odio justo sollicitudin ut suscipit a feugiat et eros vestibulum ac est lacinia nisi', '2000-01-01', '62.92', '1', '19', '51', '25'),
	('175', 'Thief II: The Metal Age', 'quis turpis eget elit sodales scelerisque mauris sit amet eros suspendisse accumsan tortor quis turpis sed ante vivamus tortor duis mattis egestas metus aenean fermentum donec ut mauris eget massa tempor convallis nulla neque libero convallis eget eleifend luctus ultricies eu nibh quisque id justo sit amet sapien dignissim vestibulum vestibulum ante ipsum primis in faucibus orci luctus et ultrices posuere cubilia curae nulla dapibus dolor vel est donec odio justo sollicitudin', '2000-01-01', '129.38', '0', '18', '20', '3'),
	('176', 'Tony Hawk\'s Pro Skater 2', 'faucibus cursus urna ut tellus nulla ut erat id mauris vulputate elementum nullam varius nulla facilisi cras non velit nec nisi vulputate nonummy maecenas tincidunt lacus at velit vivamus vel nulla eget eros elementum pellentesque quisque porta volutpat erat quisque erat eros viverra eget congue eget semper rutrum nulla nunc purus phasellus in felis donec semper sapien a libero nam dui proin leo odio porttitor id consequat in consequat ut nulla sed accumsan felis ut at dolor quis odio consequat varius integer ac leo', '2000-01-01', '63.34', '0', '38', '93', '27'),
	('177', 'Vagrant Story', 'dui vel sem sed sagittis nam congue risus semper porta volutpat quam pede lobortis ligula sit amet eleifend pede libero quis orci nullam molestie nibh in lectus', '2000-01-01', '97.91', '0', '23', '88', '17'),
	('178', 'Advance Wars', 'lorem ipsum dolor sit amet consectetuer adipiscing elit proin risus praesent lectus vestibulum quam sapien varius ut blandit non interdum in ante vestibulum ante ipsum primis in faucibus orci luctus et ultrices posuere cubilia curae duis faucibus accumsan', '2001-01-01', '139.16', '1', '6', '75', '16'),
	('179', 'Animal Crossing', 'maecenas tincidunt lacus at velit vivamus vel nulla eget eros elementum pellentesque quisque porta volutpat erat quisque erat eros viverra eget congue eget semper rutrum nulla nunc purus phasellus in felis donec semper sapien a libero nam dui proin leo odio porttitor id consequat in consequat ut nulla sed accumsan felis ut at dolor quis odio consequat varius integer ac leo pellentesque ultrices mattis odio donec vitae nisi nam ultrices libero', '2001-01-01', '49.36', '1', '18', '75', '28'),
	('180', 'Devil May Cry', 'semper rutrum nulla nunc purus phasellus in felis donec semper sapien a libero nam dui proin leo odio porttitor id consequat in consequat ut nulla sed accumsan felis ut at dolor quis odio consequat varius integer ac leo pellentesque ultrices mattis odio donec vitae nisi nam ultrices libero non mattis pulvinar nulla pede ullamcorper', '2001-01-01', '62.71', '1', '29', '55', '22'),
	('181', 'Final Fantasy X', 'augue a suscipit nulla elit ac nulla sed vel enim sit amet nunc viverra dapibus nulla suscipit ligula in lacus curabitur at ipsum ac tellus semper interdum mauris ullamcorper purus sit amet nulla quisque arcu libero rutrum ac lobortis vel dapibus at diam nam tristique tortor eu', '2001-01-01', '52.64', '0', '20', '79', '11'),
	('182', 'Gran Turismo 3: A-Spec', 'turpis adipiscing lorem vitae mattis nibh ligula nec sem duis aliquam convallis nunc proin at turpis a pede posuere nonummy integer non velit donec diam neque vestibulum eget vulputate ut ultrices vel augue vestibulum ante ipsum primis in faucibus orci luctus et ultrices posuere cubilia curae donec pharetra magna vestibulum aliquet ultrices erat tortor sollicitudin mi sit amet lobortis sapien sapien non mi integer ac neque duis bibendum morbi non quam', '2001-01-01', '139.01', '1', '26', '88', '36'),
	('183', 'Grand Theft Auto III', 'mi in porttitor pede justo eu massa donec dapibus duis at velit eu est congue elementum in hac habitasse platea dictumst morbi vestibulum velit id pretium iaculis diam erat fermentum justo nec condimentum neque sapien placerat ante nulla justo aliquam quis turpis eget elit sodales scelerisque mauris sit amet eros suspendisse accumsan tortor quis turpis sed ante vivamus tortor duis mattis egestas metus aenean fermentum donec ut mauris eget massa tempor convallis', '2001-01-01', '85.89', '0', '5', '61', '18'),
	('184', 'Halo: Combat Evolved', 'nisl duis bibendum felis sed interdum venenatis turpis enim blandit mi in porttitor pede justo eu massa donec dapibus duis at velit eu est congue elementum in hac habitasse platea dictumst morbi vestibulum velit id pretium iaculis diam erat fermentum justo nec condimentum neque sapien placerat ante nulla justo aliquam quis turpis eget elit sodales scelerisque', '2001-01-01', '101.79', '1', '12', '37', '30'),
	('185', 'Ico', 'sapien dignissim vestibulum vestibulum ante ipsum primis in faucibus orci luctus et ultrices posuere cubilia curae nulla dapibus dolor vel est donec odio justo sollicitudin ut suscipit a feugiat et eros vestibulum ac est lacinia nisi venenatis tristique fusce congue diam id ornare imperdiet sapien urna pretium nisl ut volutpat sapien arcu sed augue', '2001-01-01', '94.75', '1', '33', '13', '25'),
	('186', 'Ikaruga', 'curae duis faucibus accumsan odio curabitur convallis duis consequat dui nec nisi volutpat eleifend donec ut dolor morbi vel lectus in quam fringilla rhoncus mauris enim leo rhoncus sed vestibulum sit amet cursus id turpis integer aliquet massa id lobortis convallis tortor risus dapibus augue vel accumsan tellus nisi eu orci mauris lacinia sapien', '2001-01-01', '147.26', '1', '33', '1', '6'),
	('187', 'Max Payne', 'est congue elementum in hac habitasse platea dictumst morbi vestibulum velit id pretium iaculis diam erat fermentum justo nec condimentum neque sapien placerat ante nulla justo aliquam quis turpis eget elit sodales scelerisque mauris sit amet eros suspendisse accumsan tortor quis turpis sed ante vivamus tortor duis mattis egestas metus aenean fermentum donec ut mauris eget massa tempor convallis nulla neque libero convallis eget eleifend luctus ultricies eu nibh quisque id justo sit amet sapien dignissim vestibulum vestibulum ante ipsum primis in faucibus orci luctus et', '2001-01-01', '99.08', '0', '30', '41', '2'),
	('188', 'Metal Gear Solid 2: Sons of Liberty', 'enim blandit mi in porttitor pede justo eu massa donec dapibus duis at velit eu est congue elementum in hac habitasse platea dictumst morbi vestibulum velit id pretium iaculis diam erat fermentum justo nec condimentum neque sapien placerat ante nulla justo aliquam quis turpis eget elit sodales', '2001-01-01', '136.51', '0', '31', '35', '20'),
	('189', 'Phoenix Wright: Ace Attorney', 'ac enim in tempor turpis nec euismod scelerisque quam turpis adipiscing lorem vitae mattis nibh ligula nec sem duis aliquam convallis nunc proin at turpis a pede posuere nonummy integer non velit donec diam neque vestibulum eget vulputate ut ultrices vel augue vestibulum ante ipsum primis', '2001-01-01', '105.96', '0', '21', '86', '24'),
	('190', 'Rez', 'pellentesque volutpat dui maecenas tristique est et tempus semper est quam pharetra magna ac consequat metus sapien ut nunc vestibulum ante ipsum primis in faucibus orci luctus et ultrices posuere cubilia curae mauris viverra diam vitae quam', '2001-01-01', '135.44', '1', '38', '78', '16'),
	('191', 'Silent Hill 2', 'viverra eget congue eget semper rutrum nulla nunc purus phasellus in felis donec semper sapien a libero nam dui proin leo odio porttitor id consequat in consequat ut nulla sed accumsan felis ut at dolor quis odio consequat varius integer ac leo pellentesque ultrices mattis odio donec vitae nisi nam ultrices libero non mattis pulvinar nulla pede ullamcorper augue a suscipit nulla elit ac nulla sed vel enim sit amet nunc viverra dapibus nulla suscipit ligula in lacus curabitur at ipsum ac tellus semper interdum mauris ullamcorper purus sit amet nulla quisque arcu libero rutrum ac', '2001-01-01', '80.02', '0', '34', '87', '28'),
	('192', 'Super Smash Bros. Melee', 'lorem quisque ut erat curabitur gravida nisi at nibh in hac habitasse platea dictumst aliquam augue quam sollicitudin vitae consectetuer eget rutrum at lorem integer tincidunt ante vel ipsum praesent blandit lacinia erat vestibulum sed magna at nunc commodo placerat praesent blandit nam nulla integer pede justo lacinia eget tincidunt eget tempus vel pede morbi porttitor lorem id ligula suspendisse ornare consequat lectus in est risus auctor sed tristique in tempus sit amet sem fusce consequat nulla nisl nunc nisl duis bibendum felis sed interdum venenatis turpis', '2001-01-01', '130.63', '1', '20', '24', '17'),
	('193', 'Tony Hawk\'s Pro Skater 3', 'sapien sapien non mi integer ac neque duis bibendum morbi non quam nec dui luctus rutrum nulla tellus in sagittis dui vel nisl duis ac nibh fusce lacus purus aliquet at feugiat non pretium quis lectus suspendisse potenti in eleifend quam a odio in hac habitasse platea dictumst maecenas ut massa quis augue luctus tincidunt nulla mollis molestie lorem quisque ut', '2001-01-01', '94.84', '0', '13', '91', '21'),
	('194', 'Battlefield 1942', 'nisi nam ultrices libero non mattis pulvinar nulla pede ullamcorper augue a suscipit nulla elit ac nulla sed vel enim sit amet nunc viverra dapibus nulla suscipit ligula in lacus curabitur at ipsum ac tellus semper interdum mauris ullamcorper purus sit amet nulla quisque arcu libero rutrum', '2002-01-01', '149.52', '0', '29', '71', '15'),
	('195', 'The Elder Scrolls III: Morrowind', 'cras in purus eu magna vulputate luctus cum sociis natoque penatibus et magnis dis parturient montes nascetur ridiculus mus vivamus vestibulum sagittis', '2002-01-01', '84.15', '1', '27', '68', '22'),
	('196', 'Eternal Darkness: Sanity\'s Requiem', 'ante ipsum primis in faucibus orci luctus et ultrices posuere cubilia curae duis faucibus accumsan odio curabitur convallis duis consequat dui nec nisi volutpat eleifend donec ut dolor morbi vel lectus in quam fringilla rhoncus mauris enim leo rhoncus sed vestibulum sit amet cursus id turpis integer aliquet massa id lobortis convallis tortor risus dapibus augue vel accumsan tellus nisi eu orci mauris lacinia sapien quis libero nullam sit amet turpis elementum ligula vehicula consequat morbi a ipsum integer a nibh in quis justo maecenas rhoncus aliquam lacus morbi quis', '2002-01-01', '74.72', '0', '1', '7', '1'),
	('197', 'Grand Theft Auto: Vice City', 'dolor quis odio consequat varius integer ac leo pellentesque ultrices mattis odio donec vitae nisi nam ultrices libero non mattis pulvinar nulla pede ullamcorper augue a suscipit nulla elit ac nulla sed vel enim sit amet nunc viverra dapibus nulla suscipit ligula in lacus curabitur at ipsum ac tellus semper interdum mauris ullamcorper purus sit amet nulla quisque arcu libero rutrum ac lobortis vel dapibus', '2002-01-01', '134.21', '0', '12', '62', '4'),
	('198', 'Kingdom Hearts', 'parturient montes nascetur ridiculus mus etiam vel augue vestibulum rutrum rutrum neque aenean auctor gravida sem praesent id massa id nisl venenatis lacinia aenean sit amet justo', '2002-01-01', '69.44', '1', '8', '50', '2'),
	('199', 'The Legend of Zelda: The Wind Waker', 'fusce congue diam id ornare imperdiet sapien urna pretium nisl ut volutpat sapien arcu sed augue aliquam erat volutpat in congue etiam justo etiam pretium iaculis justo in hac habitasse platea dictumst etiam faucibus cursus urna ut tellus nulla ut erat id mauris vulputate elementum nullam varius nulla facilisi cras non velit nec nisi vulputate nonummy maecenas tincidunt lacus at velit vivamus vel nulla eget eros elementum pellentesque quisque porta volutpat erat quisque erat eros viverra eget congue eget semper rutrum nulla', '2002-01-01', '112.09', '0', '26', '31', '22'),
	('200', 'Metroid Prime', 'donec diam neque vestibulum eget vulputate ut ultrices vel augue vestibulum', '2002-01-01', '87.45', '1', '18', '12', '9'),
	('201', 'Soulcalibur II', 'libero nam dui proin leo odio porttitor id consequat in consequat ut nulla sed accumsan felis ut at dolor quis odio consequat varius integer ac leo pellentesque ultrices mattis odio donec vitae nisi nam ultrices', '2002-01-01', '51.34', '0', '8', '67', '34'),
	('202', 'Tom Clancy\'s Splinter Cell', 'odio elementum eu interdum eu tincidunt in leo maecenas pulvinar lobortis est phasellus sit amet erat nulla tempus vivamus in felis eu sapien cursus vestibulum proin eu mi nulla ac enim in tempor turpis nec euismod scelerisque quam turpis adipiscing lorem vitae mattis nibh ligula nec sem duis aliquam convallis nunc proin at turpis a pede posuere nonummy integer non velit donec diam neque vestibulum eget vulputate ut ultrices vel augue vestibulum ante ipsum primis in faucibus orci luctus et ultrices posuere cubilia curae donec pharetra magna vestibulum', '2002-01-01', '138.72', '1', '40', '49', '12'),
	('203', 'Warcraft III: Reign of Chaos', 'nulla tempus vivamus in felis eu sapien cursus vestibulum proin eu mi nulla ac enim in tempor turpis nec euismod scelerisque quam turpis adipiscing lorem vitae mattis nibh ligula nec sem duis aliquam convallis nunc proin at turpis a pede posuere nonummy integer non velit donec diam neque vestibulum eget vulputate ut ultrices vel augue vestibulum', '2002-01-01', '117.26', '0', '2', '25', '28'),
	('204', 'Beyond Good & Evil', 'molestie lorem quisque ut erat curabitur gravida nisi at nibh in hac habitasse platea dictumst aliquam augue quam sollicitudin vitae consectetuer eget rutrum at lorem integer tincidunt ante vel ipsum praesent blandit lacinia erat vestibulum sed magna at nunc commodo placerat praesent blandit nam nulla integer pede justo lacinia eget tincidunt eget tempus vel pede morbi porttitor lorem', '2003-01-01', '119.46', '0', '12', '61', '37'),
	('205', 'F-Zero GX', 'nulla justo aliquam quis turpis eget elit sodales scelerisque mauris sit amet eros suspendisse accumsan tortor quis turpis sed ante vivamus tortor duis mattis egestas metus aenean fermentum donec ut mauris eget massa tempor convallis nulla neque libero convallis eget eleifend luctus ultricies eu nibh quisque id justo sit amet sapien dignissim vestibulum vestibulum ante ipsum primis in faucibus orci luctus et ultrices posuere cubilia curae nulla dapibus dolor vel est donec odio justo sollicitudin ut suscipit a', '2003-01-01', '59.93', '0', '20', '64', '8'),
	('206', 'Max Payne 2: The Fall of Max Payne', 'amet nulla quisque arcu libero rutrum ac lobortis vel dapibus at diam nam', '2003-01-01', '122', '0', '3', '48', '16'),
	('207', 'Prince of Persia: The Sands of Time', 'sem duis aliquam convallis nunc proin at turpis a pede posuere nonummy integer non velit donec diam neque vestibulum eget vulputate ut ultrices vel augue vestibulum ante ipsum primis in faucibus orci luctus et ultrices posuere cubilia curae donec pharetra magna vestibulum aliquet ultrices erat tortor sollicitudin mi sit amet lobortis sapien sapien non mi integer ac neque duis bibendum morbi non quam nec dui luctus rutrum nulla tellus in sagittis dui vel nisl duis ac nibh fusce lacus purus aliquet at feugiat', '2003-01-01', '53.33', '0', '15', '94', '29'),
	('208', 'Star Wars: Knights of the Old Republic', 'nibh fusce lacus purus aliquet at feugiat non pretium quis lectus suspendisse potenti in eleifend quam a odio in hac habitasse platea dictumst maecenas ut massa quis augue luctus tincidunt nulla mollis molestie lorem quisque ut erat curabitur gravida nisi at nibh in hac habitasse platea dictumst aliquam augue quam sollicitudin vitae consectetuer eget rutrum at lorem integer tincidunt ante vel ipsum praesent blandit lacinia erat vestibulum sed magna at nunc commodo', '2003-01-01', '57.96', '1', '25', '67', '22'),
	('209', 'WarioWare, Inc.: Mega Microgames!', 'in quis justo maecenas rhoncus aliquam lacus morbi quis tortor id nulla ultrices aliquet maecenas', '2003-01-01', '65.97', '0', '40', '19', '31'),
	('210', 'Burnout 3: Takedown', 'sed ante vivamus tortor duis mattis egestas metus aenean fermentum donec ut mauris eget massa tempor convallis nulla neque libero convallis eget eleifend luctus ultricies eu nibh quisque id justo sit amet sapien dignissim vestibulum vestibulum ante ipsum primis in faucibus orci luctus et ultrices posuere cubilia curae nulla dapibus dolor vel est donec odio justo sollicitudin ut suscipit a feugiat et eros vestibulum ac est lacinia nisi venenatis tristique fusce congue diam id ornare imperdiet sapien urna pretium nisl', '2004-01-01', '52.51', '0', '17', '71', '29'),
	('211', 'The Chronicles of Riddick: Escape from Butcher Bay', 'pulvinar sed nisl nunc rhoncus dui vel sem sed sagittis nam congue risus semper porta volutpat quam pede lobortis ligula sit amet eleifend pede libero quis orci nullam molestie nibh in lectus pellentesque at nulla suspendisse potenti cras in purus eu magna vulputate luctus cum sociis natoque penatibus et magnis dis parturient montes nascetur ridiculus mus vivamus vestibulum sagittis sapien cum sociis natoque penatibus et magnis dis parturient', '2004-01-01', '98.86', '1', '1', '40', '33'),
	('212', 'Dragon Quest VIII', 'quisque ut erat curabitur gravida nisi at nibh in hac habitasse platea dictumst aliquam augue quam sollicitudin vitae consectetuer eget rutrum at lorem integer tincidunt ante vel ipsum praesent blandit lacinia erat vestibulum sed magna at nunc commodo placerat praesent blandit nam', '2004-01-01', '138.73', '1', '30', '24', '8'),
	('213', 'Gran Turismo 4', 'a odio in hac habitasse platea dictumst maecenas ut massa quis augue luctus tincidunt', '2004-01-01', '98.35', '0', '26', '91', '3'),
	('214', 'Grand Theft Auto: San Andreas', 'nibh in hac habitasse platea dictumst aliquam augue quam sollicitudin vitae consectetuer eget rutrum at lorem integer tincidunt ante vel ipsum praesent blandit lacinia erat vestibulum sed magna at nunc commodo placerat praesent blandit nam nulla integer pede justo lacinia eget tincidunt eget tempus vel pede morbi porttitor lorem', '2004-01-01', '65.83', '1', '39', '88', '25'),
	('215', 'Half-Life 2', 'pellentesque quisque porta volutpat erat quisque erat eros viverra eget congue eget semper rutrum nulla nunc purus phasellus in felis donec semper sapien a libero nam dui proin leo odio porttitor id consequat in consequat ut nulla sed accumsan felis ut at dolor quis odio consequat varius integer ac leo pellentesque ultrices mattis odio donec vitae nisi nam ultrices libero non mattis pulvinar nulla pede ullamcorper augue', '2004-01-01', '116.92', '0', '34', '41', '34'),
	('216', 'Halo 2', 'id lobortis convallis tortor risus dapibus augue vel accumsan tellus nisi eu orci mauris lacinia sapien quis libero nullam sit amet turpis elementum ligula vehicula consequat morbi a ipsum integer a nibh in quis justo maecenas rhoncus aliquam lacus morbi quis tortor id nulla ultrices aliquet maecenas leo odio condimentum id luctus nec molestie sed justo pellentesque viverra', '2004-01-01', '100', '0', '25', '59', '16'),
	('217', 'Katamari Damacy', 'diam cras pellentesque volutpat dui maecenas tristique est et tempus semper est quam pharetra magna ac consequat metus sapien ut nunc vestibulum ante ipsum primis in faucibus orci luctus et ultrices posuere cubilia curae mauris viverra diam vitae quam suspendisse potenti nullam porttitor lacus at turpis donec posuere metus vitae ipsum aliquam non mauris morbi', '2004-01-01', '101.1', '1', '31', '83', '2'),
	('218', 'Metal Gear Solid 3: Snake Eater', 'vulputate elementum nullam varius nulla facilisi cras non velit nec nisi vulputate nonummy maecenas tincidunt lacus at velit vivamus vel nulla eget eros elementum pellentesque quisque porta volutpat erat quisque erat eros viverra eget congue eget semper rutrum nulla nunc purus phasellus in felis donec semper sapien a libero nam dui proin leo odio porttitor id consequat in consequat ut nulla sed accumsan felis ut at dolor quis odio consequat varius integer ac leo pellentesque ultrices mattis odio donec vitae nisi nam ultrices libero non mattis pulvinar nulla pede ullamcorper augue a suscipit nulla', '2004-01-01', '94.36', '0', '22', '76', '24'),
	('219', 'Rome: Total War', 'justo nec condimentum neque sapien placerat ante nulla justo aliquam quis turpis eget elit sodales scelerisque mauris sit amet eros suspendisse accumsan tortor quis turpis sed ante vivamus tortor duis mattis egestas metus aenean fermentum donec ut mauris eget massa tempor convallis nulla neque libero convallis eget eleifend luctus ultricies eu nibh quisque id justo sit amet sapien dignissim vestibulum vestibulum ante ipsum primis in faucibus orci luctus et ultrices posuere cubilia curae nulla dapibus dolor vel est donec odio justo sollicitudin ut suscipit a feugiat et eros vestibulum ac est lacinia nisi venenatis tristique', '2004-01-01', '79.48', '1', '24', '71', '13'),
	('220', 'The Sims 2', 'pellentesque ultrices phasellus id sapien in sapien iaculis congue vivamus metus arcu adipiscing molestie hendrerit at vulputate vitae nisl aenean lectus pellentesque eget nunc donec quis orci eget orci vehicula condimentum curabitur in libero ut massa volutpat convallis morbi odio odio elementum', '2004-01-01', '112.27', '1', '36', '22', '36'),
	('221', 'World of Warcraft', 'est lacinia nisi venenatis tristique fusce congue diam id ornare imperdiet sapien urna pretium nisl ut volutpat sapien arcu sed augue aliquam erat volutpat in congue etiam justo etiam', '2004-01-01', '55.54', '0', '27', '58', '12'),
	('222', 'Call of Duty 2', 'vel accumsan tellus nisi eu orci mauris lacinia sapien quis libero nullam sit amet turpis elementum ligula vehicula consequat morbi a ipsum integer a nibh in quis justo maecenas rhoncus aliquam lacus morbi quis tortor id nulla ultrices aliquet maecenas leo odio condimentum id luctus nec molestie sed justo pellentesque viverra pede ac diam cras pellentesque volutpat dui maecenas tristique est et tempus semper est quam pharetra magna ac consequat metus sapien', '2005-01-01', '75.46', '0', '28', '31', '9'),
	('223', 'Civilization IV', 'tristique est et tempus semper est quam pharetra magna ac consequat metus sapien ut nunc vestibulum ante ipsum primis in faucibus orci luctus et ultrices posuere cubilia curae mauris viverra diam vitae quam suspendisse potenti nullam porttitor lacus at turpis donec posuere metus vitae ipsum aliquam non mauris morbi non lectus aliquam sit amet diam in magna bibendum imperdiet nullam orci pede venenatis non sodales sed tincidunt eu felis fusce posuere felis sed lacus morbi sem mauris laoreet ut rhoncus aliquet pulvinar sed nisl nunc', '2005-01-01', '84.57', '0', '15', '85', '23'),
	('224', 'Devil May Cry 3: Dante\'s Awakening', 'pretium iaculis justo in hac habitasse platea dictumst etiam faucibus cursus urna ut tellus nulla ut erat id mauris', '2005-01-01', '97.23', '0', '19', '27', '25'),
	('225', 'God of War', 'ipsum integer a nibh in quis justo maecenas rhoncus aliquam lacus morbi quis tortor id nulla ultrices aliquet maecenas leo odio condimentum id luctus nec molestie sed justo pellentesque viverra pede ac diam cras pellentesque volutpat dui maecenas tristique est et tempus semper est quam pharetra magna ac consequat metus sapien ut nunc vestibulum ante ipsum primis in faucibus', '2005-01-01', '139.96', '0', '5', '56', '27'),
	('226', 'Guitar Hero', 'rutrum neque aenean auctor gravida sem praesent id massa id nisl venenatis lacinia aenean sit amet justo morbi ut odio cras mi pede malesuada in imperdiet et commodo vulputate justo in blandit ultrices enim lorem ipsum dolor sit amet consectetuer adipiscing elit proin interdum mauris non ligula', '2005-01-01', '56.77', '0', '40', '82', '29'),
	('227', 'Psychonauts', 'quam turpis adipiscing lorem vitae mattis nibh ligula nec sem duis aliquam convallis nunc proin at turpis a pede posuere nonummy integer non velit donec diam neque vestibulum eget vulputate ut ultrices vel augue vestibulum ante ipsum primis in faucibus orci luctus et ultrices posuere cubilia curae donec pharetra magna vestibulum aliquet ultrices erat tortor sollicitudin mi sit amet lobortis sapien sapien non mi integer ac neque duis bibendum morbi non quam nec dui luctus rutrum nulla tellus in sagittis dui vel nisl duis ac nibh fusce lacus purus aliquet at feugiat', '2005-01-01', '116.93', '0', '20', '33', '22'),
	('228', 'Resident Evil 4', 'posuere cubilia curae donec pharetra magna vestibulum aliquet ultrices erat tortor sollicitudin mi sit amet lobortis sapien sapien non mi integer ac neque duis bibendum morbi non quam nec dui luctus rutrum nulla tellus in sagittis dui vel nisl duis ac nibh fusce lacus purus aliquet at feugiat non pretium quis', '2005-01-01', '86.9', '0', '22', '71', '23'),
	('229', 'Shadow of the Colossus', 'nec molestie sed justo pellentesque viverra pede ac diam cras pellentesque volutpat dui maecenas tristique est et tempus semper est quam pharetra magna ac consequat metus sapien ut nunc vestibulum ante ipsum primis in faucibus orci luctus et ultrices posuere cubilia curae mauris viverra diam vitae quam suspendisse potenti nullam porttitor lacus at turpis donec posuere metus vitae ipsum aliquam non mauris morbi non lectus aliquam sit amet diam in magna bibendum imperdiet nullam orci pede venenatis non sodales sed tincidunt eu felis fusce posuere felis sed lacus morbi sem mauris laoreet ut rhoncus', '2005-01-01', '53.32', '1', '4', '73', '21'),
	('230', 'Tom Clancy\'s Splinter Cell: Chaos Theory', 'non quam nec dui luctus rutrum nulla tellus in sagittis dui vel nisl duis ac nibh fusce lacus purus aliquet at feugiat non pretium quis lectus suspendisse potenti in eleifend quam a odio in hac habitasse platea dictumst maecenas ut massa quis augue luctus tincidunt nulla mollis molestie lorem quisque ut erat curabitur gravida nisi at nibh in hac habitasse platea dictumst aliquam augue', '2005-01-01', '113.53', '1', '2', '49', '12'),
	('231', 'Company of Heroes', 'urna ut tellus nulla ut erat id mauris vulputate elementum nullam varius nulla facilisi cras non velit nec nisi vulputate nonummy maecenas tincidunt lacus at velit vivamus vel nulla eget eros elementum pellentesque quisque porta volutpat erat quisque erat eros viverra eget congue eget semper rutrum nulla nunc purus phasellus in felis donec semper sapien a', '2006-01-01', '91.18', '0', '35', '78', '19'),
	('232', 'The Elder Scrolls IV: Oblivion', 'suscipit a feugiat et eros vestibulum ac est lacinia nisi venenatis tristique fusce congue diam id ornare imperdiet sapien urna pretium nisl ut volutpat sapien arcu sed augue aliquam erat volutpat in congue etiam justo etiam pretium iaculis justo in hac habitasse platea dictumst etiam faucibus cursus urna', '2006-01-01', '101.74', '1', '9', '8', '10'),
	('233', 'Gears of War', 'mauris viverra diam vitae quam suspendisse potenti nullam porttitor lacus at turpis donec posuere metus vitae ipsum aliquam non mauris morbi non lectus aliquam sit amet diam in magna bibendum imperdiet nullam orci pede venenatis non sodales sed tincidunt eu felis fusce posuere', '2006-01-01', '120.93', '1', '11', '49', '13'),
	('234', 'Hitman: Blood Money', 'ultrices mattis odio donec vitae nisi nam ultrices libero non mattis pulvinar nulla pede ullamcorper augue a suscipit nulla elit ac nulla sed vel enim sit amet nunc viverra dapibus nulla suscipit ligula in lacus curabitur at ipsum ac tellus semper', '2006-01-01', '76.7', '0', '36', '12', '33'),
	('235', 'The Legend of Zelda: Twilight Princess', 'sed justo pellentesque viverra pede ac diam cras pellentesque volutpat dui maecenas tristique est et tempus semper est quam pharetra magna ac consequat metus sapien ut nunc vestibulum ante ipsum primis in faucibus orci luctus et ultrices posuere cubilia curae mauris viverra diam vitae quam suspendisse potenti nullam porttitor lacus at turpis donec posuere metus vitae ipsum aliquam non mauris morbi non lectus aliquam sit amet diam in magna bibendum imperdiet nullam orci pede venenatis non sodales sed tincidunt eu felis fusce posuere felis sed lacus morbi', '2006-01-01', '99.81', '0', '17', '86', '36'),
	('236', 'Ōkami', 'vivamus tortor duis mattis egestas metus aenean fermentum donec ut mauris eget massa tempor convallis nulla neque libero convallis eget eleifend luctus ultricies eu nibh', '2006-01-01', '128.62', '1', '40', '43', '27'),
	('237', 'Wii Sports', 'eu est congue elementum in hac habitasse platea dictumst morbi vestibulum velit id pretium iaculis diam erat fermentum justo nec condimentum neque sapien placerat ante nulla justo aliquam quis turpis eget elit sodales scelerisque mauris sit amet eros suspendisse accumsan tortor quis turpis sed ante vivamus tortor duis mattis egestas metus aenean fermentum donec ut mauris eget massa tempor convallis nulla neque libero convallis eget eleifend luctus ultricies eu nibh quisque id justo sit amet sapien dignissim vestibulum vestibulum ante ipsum primis in faucibus orci luctus et', '2006-01-01', '52.17', '0', '13', '37', '18'),
	('238', 'BioShock', 'porttitor lacus at turpis donec posuere metus vitae ipsum aliquam non mauris morbi non lectus aliquam sit amet diam in magna bibendum imperdiet nullam orci pede venenatis non sodales sed tincidunt eu felis fusce posuere felis sed lacus morbi sem mauris laoreet ut rhoncus aliquet pulvinar sed', '2007-01-01', '91.07', '1', '2', '82', '24'),
	('239', 'Call of Duty 4: Modern Warfare', 'felis donec semper sapien a libero nam dui proin leo odio porttitor id consequat in consequat ut nulla sed accumsan felis ut at dolor quis odio consequat varius integer ac leo pellentesque ultrices mattis odio donec vitae nisi nam ultrices libero non mattis pulvinar', '2007-01-01', '94.43', '0', '37', '38', '34'),
	('240', 'God of War II', 'enim blandit mi in porttitor pede justo eu massa donec dapibus duis at velit eu est congue elementum in hac habitasse platea dictumst morbi vestibulum velit id pretium iaculis diam erat fermentum justo nec condimentum neque sapien placerat ante nulla justo aliquam quis turpis eget elit sodales scelerisque mauris sit amet eros suspendisse accumsan tortor quis turpis sed ante vivamus tortor duis mattis egestas metus aenean', '2007-01-01', '50.92', '1', '19', '12', '5'),
	('241', 'Halo 3', 'consequat lectus in est risus auctor sed tristique in tempus sit amet sem fusce consequat nulla nisl', '2007-01-01', '95.5', '0', '38', '31', '36'),
	('242', 'Mass Effect', 'posuere nonummy integer non velit donec diam neque vestibulum eget vulputate ut ultrices vel augue vestibulum ante ipsum primis in faucibus orci luctus et ultrices posuere cubilia curae donec pharetra', '2007-01-01', '122.79', '0', '16', '13', '20'),
	('243', 'Portal', 'quis odio consequat varius integer ac leo pellentesque ultrices mattis odio donec vitae nisi nam ultrices libero non mattis pulvinar', '2007-01-01', '52.98', '0', '14', '19', '30'),
	('244', 'Rock Band', 'dictumst aliquam augue quam sollicitudin vitae consectetuer eget rutrum at lorem integer tincidunt ante vel ipsum praesent blandit lacinia erat vestibulum sed magna at nunc commodo placerat praesent blandit nam nulla integer pede justo lacinia eget tincidunt eget tempus vel pede morbi porttitor lorem id ligula suspendisse ornare consequat lectus in est risus auctor sed tristique in tempus sit amet sem fusce consequat nulla nisl nunc nisl duis bibendum felis sed interdum venenatis turpis enim blandit mi in porttitor pede justo eu massa', '2007-01-01', '63.7', '0', '1', '64', '18'),
	('245', 'Super Mario Galaxy', 'lacus purus aliquet at feugiat non pretium quis lectus suspendisse potenti in eleifend quam a odio in hac habitasse platea dictumst maecenas ut massa quis augue luctus tincidunt nulla mollis molestie lorem quisque ut erat curabitur gravida nisi at nibh in hac habitasse platea dictumst aliquam augue quam sollicitudin vitae consectetuer eget rutrum at lorem integer tincidunt ante vel ipsum praesent blandit lacinia erat vestibulum sed magna at nunc commodo placerat praesent blandit nam nulla integer pede justo lacinia', '2007-01-01', '58.34', '1', '13', '70', '4'),
	('246', 'Team Fortress 2', 'odio curabitur convallis duis consequat dui nec nisi volutpat eleifend donec ut dolor morbi vel lectus in quam fringilla rhoncus mauris enim leo rhoncus sed vestibulum sit amet cursus id turpis integer aliquet massa id lobortis convallis tortor risus dapibus augue vel accumsan tellus nisi eu orci mauris lacinia sapien quis libero nullam sit amet turpis elementum ligula vehicula consequat morbi a ipsum integer a nibh in quis justo maecenas rhoncus aliquam lacus morbi quis tortor id nulla ultrices aliquet maecenas leo odio condimentum id luctus nec molestie sed justo pellentesque viverra pede ac diam cras', '2007-01-01', '116.18', '1', '31', '33', '11'),
	('247', 'The World Ends with You', 'natoque penatibus et magnis dis parturient montes nascetur ridiculus mus etiam vel augue vestibulum rutrum rutrum neque aenean auctor gravida sem praesent id massa id nisl venenatis lacinia aenean sit amet justo morbi ut odio cras mi pede malesuada in imperdiet et commodo vulputate justo in blandit ultrices enim lorem ipsum dolor sit amet consectetuer adipiscing elit proin interdum mauris non ligula pellentesque ultrices phasellus id sapien in sapien iaculis congue vivamus metus arcu adipiscing molestie hendrerit at vulputate vitae nisl aenean lectus', '2007-01-01', '54.15', '1', '7', '90', '7'),
	('248', 'Braid', 'sollicitudin ut suscipit a feugiat et eros vestibulum ac est lacinia nisi venenatis tristique fusce congue diam id ornare', '2008-01-01', '102.51', '0', '34', '83', '29'),
	('249', 'Burnout Paradise', 'interdum in ante vestibulum ante ipsum primis in faucibus orci', '2008-01-01', '140.63', '1', '30', '94', '8'),
	('250', 'Dead Space', 'morbi odio odio elementum eu interdum eu tincidunt in leo maecenas pulvinar lobortis est phasellus sit amet erat nulla tempus vivamus in felis eu sapien cursus vestibulum proin eu mi nulla ac enim in tempor turpis nec euismod scelerisque quam turpis adipiscing lorem vitae mattis nibh ligula nec sem duis aliquam convallis nunc proin at turpis a pede posuere nonummy integer non velit donec diam neque', '2008-01-01', '125.85', '0', '7', '84', '35'),
	('251', 'Fable II', 'enim lorem ipsum dolor sit amet consectetuer adipiscing elit proin interdum mauris non ligula', '2008-01-01', '99.6', '0', '14', '35', '26'),
	('252', 'Fallout 3', 'integer a nibh in quis justo maecenas rhoncus aliquam lacus morbi quis tortor id nulla ultrices aliquet maecenas leo odio condimentum id luctus nec molestie sed justo pellentesque viverra pede ac diam cras pellentesque volutpat dui maecenas tristique est et tempus semper est quam pharetra magna ac consequat metus sapien ut nunc vestibulum ante ipsum primis in faucibus orci luctus et ultrices posuere cubilia curae mauris viverra diam vitae quam suspendisse potenti nullam porttitor lacus at turpis donec posuere metus vitae ipsum aliquam non mauris morbi non lectus aliquam sit amet diam in magna', '2008-01-01', '100.56', '0', '38', '30', '24'),
	('253', 'Gears of War 2', 'sapien quis libero nullam sit amet turpis elementum ligula vehicula consequat morbi a ipsum integer a nibh in quis justo maecenas rhoncus aliquam lacus morbi quis tortor id nulla ultrices aliquet maecenas leo odio', '2008-01-01', '76.69', '1', '10', '56', '6'),
	('254', 'Grand Theft Auto IV', 'neque aenean auctor gravida sem praesent id massa id nisl venenatis lacinia aenean sit amet justo morbi ut odio cras mi pede malesuada in imperdiet et commodo vulputate justo in blandit ultrices enim lorem ipsum dolor sit amet consectetuer adipiscing elit proin interdum mauris non ligula pellentesque ultrices phasellus id sapien in sapien iaculis congue vivamus metus arcu adipiscing molestie hendrerit at vulputate vitae nisl aenean lectus pellentesque', '2008-01-01', '95.87', '1', '41', '15', '27'),
	('255', 'Left 4 Dead', 'integer ac neque duis bibendum morbi non quam nec dui luctus rutrum nulla tellus in sagittis dui vel nisl duis ac nibh fusce lacus purus aliquet at feugiat non pretium quis lectus suspendisse potenti in eleifend quam a odio', '2008-01-01', '129.25', '0', '24', '40', '16'),
	('256', 'LittleBigPlanet', 'odio condimentum id luctus nec molestie sed justo pellentesque viverra pede ac diam cras pellentesque volutpat dui maecenas tristique est et tempus semper est quam pharetra magna ac consequat metus sapien ut nunc vestibulum ante ipsum primis in faucibus orci luctus et ultrices posuere cubilia curae mauris viverra diam vitae quam suspendisse potenti nullam porttitor lacus at turpis', '2008-01-01', '109.04', '0', '11', '93', '31'),
	('257', 'Persona 4', 'ligula vehicula consequat morbi a ipsum integer a nibh in quis justo maecenas rhoncus aliquam lacus morbi quis tortor id nulla ultrices aliquet maecenas leo odio condimentum id luctus nec molestie sed justo pellentesque viverra pede ac diam cras pellentesque volutpat dui maecenas tristique est et tempus semper est quam pharetra magna ac consequat metus sapien ut', '2008-01-01', '145.09', '1', '28', '78', '38'),
	('258', 'Rock Band 2', 'posuere nonummy integer non velit donec diam neque vestibulum eget vulputate ut ultrices vel augue vestibulum ante ipsum primis in faucibus orci luctus et ultrices posuere cubilia curae donec pharetra magna vestibulum aliquet ultrices erat tortor sollicitudin mi sit amet lobortis sapien sapien non mi integer ac neque duis bibendum morbi non quam nec dui luctus rutrum nulla tellus in sagittis dui vel nisl duis ac nibh fusce lacus purus aliquet at feugiat non pretium quis lectus suspendisse potenti in eleifend quam a odio in hac habitasse', '2008-01-01', '102.56', '1', '35', '51', '35'),
	('259', 'Spelunky', 'sagittis sapien cum sociis natoque penatibus et magnis dis parturient montes nascetur ridiculus mus etiam vel augue vestibulum rutrum rutrum neque aenean auctor gravida sem praesent id massa id nisl venenatis lacinia aenean sit amet', '2008-01-01', '148.19', '0', '22', '62', '17'),
	('260', 'Street Fighter IV', 'congue diam id ornare imperdiet sapien urna pretium nisl ut volutpat sapien arcu sed augue aliquam erat volutpat in congue etiam justo etiam pretium iaculis justo in hac habitasse platea dictumst etiam faucibus cursus urna ut tellus nulla ut erat id mauris vulputate elementum nullam varius nulla facilisi cras non velit nec nisi vulputate nonummy maecenas tincidunt lacus at velit vivamus vel nulla eget eros elementum', '2008-01-01', '72.43', '1', '7', '57', '10'),
	('261', 'Valkyria Chronicles', 'sapien iaculis congue vivamus metus arcu adipiscing molestie hendrerit at vulputate vitae nisl aenean lectus pellentesque eget nunc donec quis orci eget orci vehicula condimentum curabitur in libero ut massa volutpat convallis morbi odio odio elementum eu interdum eu tincidunt in leo maecenas pulvinar lobortis est phasellus sit amet erat nulla tempus vivamus in felis eu', '2008-01-01', '111.84', '1', '10', '93', '32'),
	('262', 'Angry Birds', 'arcu adipiscing molestie hendrerit at vulputate vitae nisl aenean lectus pellentesque eget nunc donec quis orci eget orci vehicula condimentum curabitur in libero ut massa volutpat convallis morbi odio odio elementum eu interdum eu tincidunt in leo maecenas pulvinar lobortis est phasellus sit amet erat nulla tempus vivamus in felis eu sapien cursus vestibulum proin eu mi nulla ac enim in tempor turpis nec euismod', '2009-01-01', '112.77', '0', '33', '44', '14'),
	('263', 'Assassin\'s Creed II', 'leo rhoncus sed vestibulum sit amet cursus id turpis integer aliquet massa id lobortis convallis tortor risus dapibus augue vel accumsan tellus nisi eu orci mauris lacinia sapien quis libero nullam sit amet turpis elementum ligula vehicula consequat morbi a ipsum integer a nibh in quis justo maecenas rhoncus aliquam lacus morbi quis tortor id nulla ultrices aliquet maecenas leo odio condimentum id luctus nec molestie sed justo pellentesque viverra pede ac diam cras pellentesque volutpat', '2009-01-01', '116.44', '1', '29', '24', '17'),
	('264', 'Batman: Arkham Asylum', 'blandit mi in porttitor pede justo eu massa donec dapibus duis at velit eu est congue elementum in hac habitasse platea dictumst morbi vestibulum velit id pretium iaculis diam erat fermentum justo nec condimentum neque sapien placerat ante nulla justo aliquam quis turpis eget elit sodales scelerisque mauris sit amet eros suspendisse accumsan tortor quis turpis sed ante vivamus tortor duis mattis egestas metus aenean fermentum donec ut mauris', '2009-01-01', '126.34', '0', '18', '5', '1'),
	('265', 'Bayonetta', 'vestibulum aliquet ultrices erat tortor sollicitudin mi sit amet lobortis sapien sapien non mi integer ac neque duis bibendum morbi non quam nec dui luctus rutrum nulla tellus in sagittis dui vel nisl duis ac nibh fusce lacus purus aliquet at feugiat non pretium quis lectus suspendisse potenti in eleifend quam a odio in hac habitasse platea dictumst maecenas ut massa quis augue luctus tincidunt nulla mollis molestie lorem quisque ut erat curabitur gravida nisi at nibh in hac habitasse platea dictumst aliquam augue quam sollicitudin vitae', '2009-01-01', '51.43', '0', '29', '61', '4'),
	('266', 'Borderlands', 'sem praesent id massa id nisl venenatis lacinia aenean sit amet justo morbi ut odio cras mi pede malesuada in imperdiet et commodo vulputate justo in blandit ultrices enim lorem ipsum dolor sit amet consectetuer adipiscing elit proin interdum mauris non ligula', '2009-01-01', '83.79', '0', '7', '43', '10'),
	('267', 'Demon\'s Souls', 'sapien placerat ante nulla justo aliquam quis turpis eget elit sodales scelerisque mauris sit amet eros suspendisse accumsan tortor quis turpis sed ante vivamus tortor duis mattis egestas metus aenean fermentum donec ut mauris eget massa tempor convallis nulla neque libero convallis eget eleifend luctus ultricies eu nibh quisque id justo sit amet sapien dignissim vestibulum vestibulum ante ipsum primis in faucibus orci luctus et ultrices posuere cubilia curae nulla dapibus dolor vel est donec odio justo sollicitudin ut suscipit a feugiat et eros', '2009-01-01', '102.93', '1', '37', '48', '7'),
	('268', 'Dragon Age: Origins', 'molestie lorem quisque ut erat curabitur gravida nisi at nibh in hac habitasse platea dictumst aliquam augue quam sollicitudin vitae consectetuer eget rutrum at lorem integer tincidunt ante vel ipsum praesent blandit lacinia erat vestibulum sed magna at nunc commodo placerat praesent blandit nam nulla integer pede justo lacinia eget tincidunt eget tempus vel pede morbi porttitor lorem id ligula suspendisse ornare consequat lectus in est risus auctor sed tristique in tempus sit amet sem fusce consequat nulla nisl nunc nisl duis bibendum felis sed interdum venenatis turpis enim blandit mi', '2009-01-01', '52.69', '1', '6', '42', '1'),
	('269', 'League of Legends', 'sapien in sapien iaculis congue vivamus metus arcu adipiscing molestie hendrerit at vulputate vitae nisl aenean lectus pellentesque eget nunc donec quis orci eget orci vehicula condimentum curabitur in libero ut massa volutpat convallis morbi odio odio elementum eu interdum eu tincidunt in leo maecenas pulvinar lobortis est phasellus sit amet erat nulla tempus vivamus in felis eu sapien cursus vestibulum proin eu mi nulla ac enim in tempor turpis nec', '2009-01-01', '109.65', '1', '29', '70', '15'),
	('270', 'Left 4 Dead 2', 'ut dolor morbi vel lectus in quam fringilla rhoncus mauris enim leo rhoncus sed vestibulum sit amet cursus id turpis integer aliquet massa id lobortis convallis tortor risus dapibus augue vel accumsan tellus nisi eu orci mauris lacinia sapien quis libero nullam sit amet turpis elementum ligula vehicula consequat morbi a ipsum integer a nibh in quis justo maecenas rhoncus aliquam lacus morbi quis tortor id nulla ultrices aliquet maecenas leo odio condimentum id luctus nec molestie sed justo pellentesque viverra pede ac diam cras', '2009-01-01', '68.09', '0', '23', '5', '37'),
	('271', 'Plants vs. Zombies', 'elit proin risus praesent lectus vestibulum quam sapien varius ut blandit non interdum in ante vestibulum ante ipsum primis in faucibus orci luctus et ultrices posuere cubilia curae duis faucibus accumsan odio curabitur convallis duis consequat dui nec nisi volutpat eleifend donec ut dolor morbi vel lectus in quam fringilla rhoncus mauris enim leo rhoncus sed vestibulum sit amet cursus id turpis integer aliquet massa id lobortis convallis tortor risus dapibus augue vel accumsan tellus nisi eu orci mauris lacinia sapien quis libero nullam sit amet turpis elementum ligula vehicula consequat morbi a ipsum integer a nibh in quis justo', '2009-01-01', '59.54', '0', '4', '76', '26'),
	('272', 'Uncharted 2: Among Thieves', 'integer a nibh in quis justo maecenas rhoncus aliquam lacus morbi quis tortor id nulla ultrices aliquet maecenas leo odio condimentum id luctus nec molestie sed justo pellentesque viverra pede ac diam cras pellentesque volutpat dui maecenas tristique est et tempus semper est quam pharetra magna ac consequat metus sapien ut nunc vestibulum ante ipsum primis in faucibus orci luctus et ultrices posuere cubilia curae mauris viverra diam vitae quam suspendisse potenti nullam porttitor lacus at turpis donec posuere metus vitae ipsum aliquam non mauris morbi non lectus aliquam sit amet diam in magna', '2009-01-01', '96.14', '1', '17', '29', '28'),
	('273', 'Civilization V', 'curae donec pharetra magna vestibulum aliquet ultrices erat tortor sollicitudin mi sit amet lobortis sapien sapien non mi integer ac neque duis bibendum morbi non quam nec dui luctus rutrum nulla tellus in sagittis dui vel nisl duis ac nibh fusce lacus purus aliquet at feugiat non pretium quis lectus suspendisse potenti in eleifend quam a odio in hac habitasse platea dictumst maecenas ut massa quis augue', '2010-01-01', '108.98', '1', '42', '66', '7'),
	('274', 'God of War III', 'nec euismod scelerisque quam turpis adipiscing lorem vitae mattis nibh ligula nec sem duis aliquam convallis nunc proin at turpis a pede posuere nonummy integer non velit donec diam neque vestibulum eget vulputate ut ultrices vel augue vestibulum ante ipsum primis in faucibus orci luctus et ultrices posuere cubilia curae donec pharetra magna vestibulum aliquet ultrices erat tortor sollicitudin mi sit amet lobortis sapien sapien non mi integer ac neque duis bibendum morbi non quam nec dui luctus rutrum nulla tellus in sagittis dui vel nisl', '2010-01-01', '139.55', '1', '25', '4', '15'),
	('275', 'Heavy Rain', 'fusce lacus purus aliquet at feugiat non pretium quis lectus suspendisse potenti in eleifend quam a odio in hac habitasse platea dictumst maecenas ut massa quis augue luctus tincidunt nulla mollis molestie lorem quisque ut erat curabitur gravida nisi at nibh in hac habitasse platea dictumst aliquam augue quam sollicitudin vitae consectetuer eget rutrum at lorem integer tincidunt ante vel ipsum praesent blandit lacinia erat vestibulum sed magna at nunc', '2010-01-01', '68.98', '0', '13', '11', '11'),
	('276', 'Limbo', 'interdum mauris non ligula pellentesque ultrices phasellus id sapien in sapien iaculis congue vivamus metus arcu adipiscing molestie hendrerit at vulputate vitae nisl aenean lectus pellentesque eget nunc donec quis orci eget orci vehicula condimentum curabitur in libero ut massa volutpat', '2010-01-01', '89.94', '0', '8', '53', '4'),
	('277', 'Mass Effect 2', 'urna pretium nisl ut volutpat sapien arcu sed augue aliquam erat volutpat in congue etiam justo etiam pretium iaculis justo in hac habitasse platea dictumst etiam faucibus cursus urna ut tellus nulla ut erat id mauris vulputate elementum nullam varius nulla facilisi cras non velit nec nisi vulputate nonummy maecenas tincidunt lacus at velit vivamus vel nulla eget eros elementum pellentesque quisque porta volutpat', '2010-01-01', '138.79', '0', '38', '3', '26'),
	('278', 'Red Dead Redemption', 'id lobortis convallis tortor risus dapibus augue vel accumsan tellus nisi eu orci mauris lacinia sapien quis libero nullam sit amet turpis elementum ligula vehicula consequat morbi a ipsum integer', '2010-01-01', '137', '1', '32', '53', '33'),
	('279', 'Rock Band 3', 'massa tempor convallis nulla neque libero convallis eget eleifend luctus ultricies eu nibh quisque id justo sit amet sapien dignissim vestibulum vestibulum ante ipsum primis in faucibus orci luctus et ultrices posuere cubilia curae nulla dapibus dolor vel est donec odio justo', '2010-01-01', '81.42', '1', '1', '14', '35'),
	('280', 'StarCraft II: Wings of Liberty', 'lectus vestibulum quam sapien varius ut blandit non interdum in ante vestibulum ante ipsum primis in faucibus orci luctus et ultrices posuere', '2010-01-01', '55.45', '1', '29', '3', '34'),
	('281', 'Super Mario Galaxy 2', 'sollicitudin vitae consectetuer eget rutrum at lorem integer tincidunt ante vel ipsum praesent blandit lacinia erat vestibulum sed magna at nunc commodo placerat praesent blandit nam nulla integer pede justo lacinia eget tincidunt eget tempus vel pede morbi porttitor lorem id ligula suspendisse ornare consequat lectus', '2010-01-01', '100.24', '0', '33', '51', '6'),
	('282', 'Super Meat Boy', 'nunc nisl duis bibendum felis sed interdum venenatis turpis enim blandit mi in porttitor pede justo eu massa donec dapibus duis at velit eu est congue elementum in hac habitasse platea dictumst morbi vestibulum velit id pretium iaculis diam erat fermentum justo nec condimentum neque sapien placerat ante nulla justo aliquam quis turpis eget elit sodales scelerisque mauris sit amet eros suspendisse accumsan tortor quis turpis sed ante vivamus tortor duis mattis egestas metus aenean fermentum donec ut mauris eget', '2010-01-01', '138.21', '1', '27', '33', '20'),
	('283', 'Xenoblade Chronicles', 'quam nec dui luctus rutrum nulla tellus in sagittis dui vel nisl duis ac nibh fusce lacus purus aliquet', '2010-01-01', '115.51', '0', '34', '45', '37'),
	('284', 'Batman: Arkham City', 'congue diam id ornare imperdiet sapien urna pretium nisl ut volutpat sapien arcu sed augue aliquam erat volutpat in congue etiam justo etiam pretium iaculis justo in hac habitasse platea dictumst etiam faucibus cursus urna ut tellus nulla ut erat id mauris vulputate elementum nullam varius nulla facilisi cras non velit nec nisi vulputate nonummy maecenas tincidunt lacus at velit vivamus vel nulla eget eros elementum pellentesque quisque porta volutpat erat quisque erat eros viverra eget congue eget semper rutrum nulla nunc purus phasellus in felis donec semper sapien a libero', '2011-01-01', '144.28', '1', '17', '36', '21'),
	('285', 'Dark Souls', 'turpis integer aliquet massa id lobortis convallis tortor risus dapibus augue vel accumsan tellus nisi eu orci mauris lacinia sapien quis libero nullam sit amet turpis elementum ligula vehicula consequat morbi a ipsum integer a nibh in quis justo maecenas rhoncus aliquam lacus morbi quis tortor id nulla ultrices aliquet maecenas leo odio condimentum id luctus nec molestie sed justo pellentesque viverra pede ac diam cras pellentesque volutpat dui', '2011-01-01', '121.29', '1', '27', '60', '37'),
	('286', 'The Elder Scrolls V: Skyrim', 'quis libero nullam sit amet turpis elementum ligula vehicula consequat morbi a ipsum integer a nibh in quis justo maecenas rhoncus aliquam lacus morbi quis tortor id nulla ultrices aliquet maecenas leo odio condimentum id luctus nec molestie sed justo pellentesque viverra pede ac diam cras pellentesque volutpat dui', '2011-01-01', '115.4', '1', '40', '64', '7'),
	('287', 'Minecraft', 'orci nullam molestie nibh in lectus pellentesque at nulla suspendisse potenti cras in purus eu magna vulputate luctus cum', '2011-01-01', '100.93', '0', '4', '60', '18'),
	('288', 'Portal 2', 'eget tempus vel pede morbi porttitor lorem id ligula suspendisse ornare consequat lectus in est risus auctor sed tristique in tempus sit amet sem fusce consequat nulla nisl nunc nisl duis bibendum felis sed interdum venenatis turpis enim blandit mi in porttitor pede justo eu massa donec dapibus duis at velit eu est congue elementum in hac habitasse platea dictumst morbi vestibulum velit id pretium iaculis diam erat fermentum justo nec condimentum neque sapien placerat ante nulla justo aliquam quis turpis eget elit sodales scelerisque mauris sit amet eros suspendisse', '2011-01-01', '106.68', '0', '33', '50', '30'),
	('289', 'Borderlands 2', 'ut massa quis augue luctus tincidunt nulla mollis molestie lorem quisque ut erat curabitur gravida nisi at nibh in hac habitasse platea dictumst aliquam augue quam sollicitudin vitae consectetuer eget rutrum at lorem integer tincidunt ante vel ipsum praesent blandit lacinia erat vestibulum', '2012-01-01', '144.67', '0', '29', '51', '13'),
	('290', 'Dishonored', 'ut massa quis augue luctus tincidunt nulla mollis molestie lorem quisque ut erat curabitur gravida nisi at nibh in hac habitasse platea dictumst aliquam augue quam sollicitudin vitae consectetuer eget rutrum at lorem integer tincidunt ante vel ipsum praesent blandit lacinia erat vestibulum sed magna at nunc commodo placerat', '2012-01-01', '50.77', '1', '27', '10', '13'),
	('291', 'Far Cry 3', 'accumsan tortor quis turpis sed ante vivamus tortor duis mattis egestas metus aenean fermentum donec ut mauris eget massa tempor convallis nulla neque libero convallis eget eleifend luctus ultricies eu nibh quisque id justo sit amet sapien dignissim vestibulum vestibulum ante ipsum primis in faucibus orci luctus et ultrices posuere cubilia curae nulla dapibus dolor vel est donec odio justo sollicitudin ut suscipit a feugiat et eros vestibulum ac est lacinia nisi venenatis tristique fusce congue diam id ornare imperdiet sapien urna pretium nisl ut volutpat sapien arcu sed augue aliquam erat volutpat in congue etiam', '2012-01-01', '137.75', '0', '16', '32', '37'),
	('292', 'Fire Emblem Awakening', 'volutpat in congue etiam justo etiam pretium iaculis justo in hac habitasse platea dictumst etiam faucibus cursus urna ut tellus nulla ut erat id mauris vulputate elementum nullam varius nulla facilisi cras non velit nec nisi vulputate nonummy maecenas tincidunt lacus at velit vivamus vel nulla eget eros elementum pellentesque quisque porta volutpat erat quisque erat eros viverra eget congue eget semper rutrum nulla nunc purus phasellus in felis donec semper sapien a libero nam dui proin leo odio porttitor id consequat in consequat ut nulla sed accumsan felis ut at dolor quis', '2012-01-01', '84.93', '1', '3', '67', '21'),
	('293', 'Hotline Miami', 'orci pede venenatis non sodales sed tincidunt eu felis fusce posuere felis sed', '2012-01-01', '69.49', '0', '1', '15', '3'),
	('294', 'Journey', 'morbi quis tortor id nulla ultrices aliquet maecenas leo odio condimentum id luctus nec molestie sed justo pellentesque viverra pede ac diam cras pellentesque volutpat dui maecenas', '2012-01-01', '66.76', '0', '9', '72', '22'),
	('295', 'The Walking Dead', 'cum sociis natoque penatibus et magnis dis parturient montes nascetur ridiculus mus etiam vel augue vestibulum rutrum rutrum neque aenean auctor gravida sem praesent id massa id nisl venenatis lacinia', '2012-01-01', '107.07', '1', '12', '65', '24'),
	('296', 'XCOM: Enemy Unknown', 'tempor turpis nec euismod scelerisque quam turpis adipiscing lorem vitae mattis nibh ligula', '2012-01-01', '111.02', '0', '3', '8', '20'),
	('297', 'BioShock Infinite', 'orci nullam molestie nibh in lectus pellentesque at nulla suspendisse potenti cras in purus eu magna vulputate luctus cum sociis natoque penatibus et magnis dis parturient montes nascetur ridiculus mus vivamus vestibulum sagittis sapien cum sociis natoque penatibus et magnis dis parturient montes nascetur ridiculus mus etiam vel augue vestibulum rutrum rutrum neque aenean auctor gravida sem praesent id massa id nisl venenatis lacinia aenean sit amet justo morbi ut odio cras mi pede malesuada in imperdiet et commodo vulputate justo in blandit ultrices enim lorem ipsum dolor sit amet consectetuer adipiscing elit proin interdum mauris non ligula', '2013-01-01', '54.71', '0', '37', '8', '1'),
	('298', 'Dota 2', 'etiam pretium iaculis justo in hac habitasse platea dictumst etiam faucibus cursus urna ut tellus nulla ut erat id mauris vulputate elementum nullam varius nulla facilisi cras non velit nec nisi vulputate nonummy maecenas tincidunt lacus at velit vivamus vel nulla eget eros elementum pellentesque quisque porta volutpat erat', '2013-01-01', '127.08', '1', '23', '58', '17'),
	('299', 'Grand Theft Auto V', 'at turpis donec posuere metus vitae ipsum aliquam non mauris morbi non lectus aliquam sit amet diam in magna bibendum imperdiet nullam orci pede venenatis non sodales sed tincidunt eu felis fusce posuere felis sed lacus morbi', '2013-01-01', '91.08', '0', '19', '31', '29'),
	('300', 'The Last of Us', 'quam suspendisse potenti nullam porttitor lacus at turpis donec posuere metus vitae ipsum aliquam non mauris morbi non lectus aliquam sit amet diam in magna bibendum imperdiet nullam orci pede venenatis non sodales sed tincidunt eu felis fusce posuere felis sed lacus morbi sem', '2013-01-01', '109.72', '1', '3', '7', '29'),
	('301', 'Papers, Please', 'in faucibus orci luctus et ultrices posuere cubilia curae duis faucibus accumsan odio curabitur convallis duis consequat dui nec nisi volutpat eleifend donec ut dolor morbi vel lectus in quam fringilla rhoncus', '2013-01-01', '95.81', '0', '39', '88', '25'),
	('302', 'Destiny', 'vel augue vestibulum ante ipsum primis in faucibus orci luctus et ultrices posuere cubilia curae donec pharetra magna vestibulum aliquet ultrices erat tortor sollicitudin mi sit', '2014-01-01', '91.73', '1', '34', '41', '34'),
	('303', 'Hearthstone', 'mollis molestie lorem quisque ut erat curabitur gravida nisi at nibh in hac habitasse platea dictumst aliquam augue quam sollicitudin vitae consectetuer eget rutrum at lorem integer tincidunt ante vel ipsum praesent blandit lacinia erat vestibulum sed magna at nunc commodo placerat praesent blandit nam nulla integer pede justo lacinia eget tincidunt eget tempus vel pede morbi porttitor lorem id ligula suspendisse ornare consequat lectus in est risus auctor sed tristique in tempus sit amet sem', '2014-01-01', '75.92', '0', '25', '59', '16'),
	('304', 'Shovel Knight', 'tincidunt eget tempus vel pede morbi porttitor lorem id ligula suspendisse ornare consequat lectus in est risus auctor sed tristique in tempus sit amet sem fusce consequat nulla nisl nunc nisl duis bibendum felis sed interdum venenatis turpis enim blandit mi in porttitor pede justo eu massa donec dapibus duis at velit eu est congue elementum in hac habitasse platea dictumst morbi vestibulum velit id pretium iaculis diam erat fermentum justo nec condimentum neque sapien placerat ante nulla justo aliquam quis turpis eget elit sodales scelerisque mauris sit amet eros suspendisse accumsan tortor quis turpis sed ante vivamus', '2014-01-01', '89.87', '0', '31', '83', '2'),
	('305', 'Bloodborne', 'id ligula suspendisse ornare consequat lectus in est risus auctor sed tristique in tempus sit amet sem fusce consequat nulla nisl nunc nisl duis bibendum felis sed interdum venenatis turpis enim blandit mi in porttitor pede justo eu massa donec dapibus duis at velit eu est congue elementum in hac habitasse platea dictumst morbi vestibulum velit id pretium iaculis diam erat fermentum justo nec condimentum neque sapien placerat ante nulla justo aliquam quis turpis eget elit sodales scelerisque mauris sit amet eros suspendisse accumsan tortor quis turpis sed ante vivamus tortor duis mattis egestas metus aenean', '2015-01-01', '51.37', '0', '22', '76', '24'),
	('306', 'Rocket League', 'augue vestibulum ante ipsum primis in faucibus orci luctus et ultrices posuere cubilia curae donec pharetra magna vestibulum aliquet ultrices erat tortor sollicitudin mi sit amet lobortis sapien sapien non mi integer ac neque duis bibendum morbi non quam nec dui luctus rutrum nulla tellus in sagittis dui vel nisl duis ac nibh fusce lacus purus aliquet at feugiat non pretium quis lectus suspendisse potenti in eleifend quam a odio in', '2015-01-01', '76.81', '0', '24', '71', '13'),
	('307', 'Undertale', 'consequat lectus in est risus auctor sed tristique in tempus sit amet sem fusce consequat nulla nisl nunc nisl duis bibendum felis sed interdum venenatis turpis enim blandit mi in porttitor', '2015-01-01', '54.64', '0', '36', '22', '36'),
	('308', 'The Witcher 3: Wild Hunt', 'lobortis est phasellus sit amet erat nulla tempus vivamus in felis eu sapien cursus vestibulum proin eu mi nulla ac enim in tempor turpis nec euismod', '2015-01-01', '148.97', '1', '27', '58', '12'),
	('309', 'Dishonored 2', 'vel augue vestibulum ante ipsum primis in faucibus orci luctus et ultrices posuere cubilia curae donec pharetra magna vestibulum aliquet ultrices erat tortor sollicitudin mi sit amet lobortis sapien sapien non mi integer ac neque duis bibendum morbi non quam nec dui luctus rutrum nulla tellus in sagittis dui vel nisl duis ac nibh fusce lacus purus aliquet at feugiat non pretium quis lectus suspendisse potenti in eleifend quam a odio in hac habitasse platea dictumst maecenas ut massa quis augue luctus tincidunt nulla mollis', '2016-01-01', '70.81', '0', '28', '31', '9'),
	('310', 'Inside', 'ultrices posuere cubilia curae duis faucibus accumsan odio curabitur convallis duis consequat dui nec nisi volutpat eleifend donec ut dolor morbi vel lectus in quam fringilla rhoncus mauris enim leo rhoncus sed vestibulum sit amet cursus id turpis integer aliquet massa id lobortis convallis tortor risus dapibus augue vel accumsan tellus nisi eu orci mauris lacinia sapien quis libero nullam sit amet turpis elementum ligula vehicula consequat morbi a ipsum integer a nibh in quis justo maecenas rhoncus aliquam lacus morbi quis tortor', '2016-01-01', '132.62', '0', '15', '85', '23'),
	('311', 'Overwatch', 'ligula nec sem duis aliquam convallis nunc proin at turpis a pede posuere nonummy integer non velit donec diam neque vestibulum eget vulputate ut ultrices vel augue vestibulum ante ipsum primis in faucibus orci luctus et ultrices posuere cubilia curae donec pharetra magna vestibulum aliquet ultrices erat tortor sollicitudin mi sit amet lobortis sapien sapien non mi integer ac neque duis bibendum morbi non quam nec dui luctus rutrum nulla tellus in sagittis dui vel nisl duis ac nibh fusce lacus', '2016-01-01', '61.32', '1', '19', '27', '25'),
	('312', 'Stardew Valley', 'sodales scelerisque mauris sit amet eros suspendisse accumsan tortor quis turpis sed ante vivamus tortor duis mattis egestas metus aenean fermentum donec ut mauris eget massa tempor convallis nulla neque libero convallis eget eleifend luctus ultricies eu nibh quisque id justo sit amet sapien dignissim vestibulum vestibulum ante ipsum primis in faucibus orci luctus et ultrices posuere cubilia curae nulla dapibus dolor vel est donec odio justo sollicitudin ut suscipit a feugiat et eros vestibulum ac est lacinia nisi', '2016-01-01', '149.78', '1', '5', '56', '27'),
	('313', 'Uncharted 4: A Thief\'s End', 'quis turpis eget elit sodales scelerisque mauris sit amet eros suspendisse accumsan tortor quis turpis sed ante vivamus tortor duis mattis egestas metus aenean fermentum donec ut mauris eget massa tempor convallis nulla neque libero convallis eget eleifend luctus ultricies eu nibh quisque id justo sit amet sapien dignissim vestibulum vestibulum ante ipsum primis in faucibus orci luctus et ultrices posuere cubilia curae nulla dapibus dolor vel est donec odio justo sollicitudin', '2016-01-01', '112.99', '0', '40', '82', '29'),
	('314', 'Fortnite', 'faucibus cursus urna ut tellus nulla ut erat id mauris vulputate elementum nullam varius nulla facilisi cras non velit nec nisi vulputate nonummy maecenas tincidunt lacus at velit vivamus vel nulla eget eros elementum pellentesque quisque porta volutpat erat quisque erat eros viverra eget congue eget semper rutrum nulla nunc purus phasellus in felis donec semper sapien a libero nam dui proin leo odio porttitor id consequat in consequat ut nulla sed accumsan felis ut at dolor quis odio consequat varius integer ac leo', '2017-01-01', '137.59', '1', '20', '33', '22'),
	('315', 'The Legend of Zelda: Breath of the Wild', 'dui vel sem sed sagittis nam congue risus semper porta volutpat quam pede lobortis ligula sit amet eleifend pede libero quis orci nullam molestie nibh in lectus', '2017-01-01', '127.68', '0', '22', '71', '23'),
	('316', 'Super Mario Odyssey', 'lorem ipsum dolor sit amet consectetuer adipiscing elit proin risus praesent lectus vestibulum quam sapien varius ut blandit non interdum in ante vestibulum ante ipsum primis in faucibus orci luctus et ultrices posuere cubilia curae duis faucibus accumsan', '2017-01-01', '117.94', '0', '4', '73', '21'),
	('317', 'God of War', 'maecenas tincidunt lacus at velit vivamus vel nulla eget eros elementum pellentesque quisque porta volutpat erat quisque erat eros viverra eget congue eget semper rutrum nulla nunc purus phasellus in felis donec semper sapien a libero nam dui proin leo odio porttitor id consequat in consequat ut nulla sed accumsan felis ut at dolor quis odio consequat varius integer ac leo pellentesque ultrices mattis odio donec vitae nisi nam ultrices libero', '2018-01-01', '90.45', '1', '2', '49', '12'),
	('318', 'Red Dead Redemption 2', 'semper rutrum nulla nunc purus phasellus in felis donec semper sapien a libero nam dui proin leo odio porttitor id consequat in consequat ut nulla sed accumsan felis ut at dolor quis odio consequat varius integer ac leo pellentesque ultrices mattis odio donec vitae nisi nam ultrices libero non mattis pulvinar nulla pede ullamcorper', '2018-01-01', '55.77', '0', '35', '78', '19'),
	('319', 'Super Smash Bros. Ultimate', 'augue a suscipit nulla elit ac nulla sed vel enim sit amet nunc viverra dapibus nulla suscipit ligula in lacus curabitur at ipsum ac tellus semper interdum mauris ullamcorper purus sit amet nulla quisque arcu libero rutrum ac lobortis vel dapibus at diam nam tristique tortor eu', '2018-01-01', '130.36', '1', '9', '8', '10'),
	('320', 'Disco Elysium', 'turpis adipiscing lorem vitae mattis nibh ligula nec sem duis aliquam convallis nunc proin at turpis a pede posuere nonummy integer non velit donec diam neque vestibulum eget vulputate ut ultrices vel augue vestibulum ante ipsum primis in faucibus orci luctus et ultrices posuere cubilia curae donec pharetra magna vestibulum aliquet ultrices erat tortor sollicitudin mi sit amet lobortis sapien sapien non mi integer ac neque duis bibendum morbi non quam', '2019-01-01', '95.31', '1', '11', '49', '13'),
	('321', 'Hades', 'mi in porttitor pede justo eu massa donec dapibus duis at velit eu est congue elementum in hac habitasse platea dictumst morbi vestibulum velit id pretium iaculis diam erat fermentum justo nec condimentum neque sapien placerat ante nulla justo aliquam quis turpis eget elit sodales scelerisque mauris sit amet eros suspendisse accumsan tortor quis turpis sed ante vivamus tortor duis mattis egestas metus aenean fermentum donec ut mauris eget massa tempor convallis', '2020-01-01', '116.86', '0', '36', '12', '33');
/*
###################################################################################################################################################
----------------------------------------------------------------ORDER TABLE----------------------------------------------------------------------
###################################################################################################################################################
*/
INSERT INTO `ORDER` (OrderID, OrderDate, ShipDate, CustomerID, EmployeeID, VideoGameID) VALUES
	('1', '2003-07-09', '2023-02-25', '3', '16', '1'),
	('2', '2020-02-02', '2003-11-06', '24', '9', '2'),
	('3', '2012-07-21', '2019-08-09', '3', '5', '3'),
	('4', '2014-09-21', '2021-01-22', '3', '15', '4'),
	('5', '2000-08-08', '2015-11-06', '24', '8', '5'),
	('6', '2008-09-20', '1999-01-10', '6', '2', '6'),
	('7', '2015-04-11', '2018-10-29', '22', '6', '7'),
	('8', '2012-08-30', '2018-09-30', '25', '11', '8'),
	('9', '2008-06-08', '2021-07-12', '1', '10', '9'),
	('10', '1999-04-06', '2015-08-23', '6', '14', '10'),
	('11', '2021-05-01', '2011-09-01', '20', '2', '11'),
	('12', '2020-06-28', '2017-09-10', '17', '12', '12'),
	('13', '2013-02-07', '2015-01-05', '19', '12', '13'),
	('14', '2006-12-30', '2005-11-07', '11', '15', '14'),
	('15', '2011-04-10', '2021-01-04', '22', '11', '15'),
	('16', '2001-02-26', '1999-12-26', '15', '6', '16'),
	('17', '2012-08-03', '2020-10-02', '11', '1', '17'),
	('18', '2008-08-21', '2008-12-26', '18', '12', '18'),
	('19', '2012-03-25', '2009-11-10', '22', '4', '19'),
	('20', '2012-09-18', '2005-08-05', '24', '18', '20'),
	('21', '2021-10-26', '2013-03-24', '9', '11', '21'),
	('22', '2020-06-19', '2004-05-17', '13', '14', '22'),
	('23', '2005-12-06', '2017-08-09', '13', '16', '23'),
	('24', '2001-12-25', '2005-09-02', '11', '12', '24'),
	('25', '2005-05-07', '2004-05-02', '25', '20', '25'),
	('26', '2020-02-24', '2008-10-24', '2', '14', '26'),
	('27', '2006-09-28', '2004-12-04', '21', '9', '27'),
	('28', '2005-05-23', '2002-06-20', '21', '7', '28'),
	('29', '2021-05-12', '2015-03-25', '18', '5', '29'),
	('30', '2008-07-14', '2011-08-16', '23', '2', '30'),
	('31', '2014-05-13', '2019-11-09', '8', '11', '31'),
	('32', '2005-06-04', '2016-10-25', '17', '1', '32'),
	('33', '2021-10-05', '2000-04-15', '11', '17', '33'),
	('34', '2020-03-19', '2010-03-16', '8', '11', '34'),
	('35', '2002-04-18', '2013-03-05', '24', '19', '35'),
	('36', '2019-12-14', '2006-08-23', '11', '2', '36'),
	('37', '2017-03-19', '2017-07-10', '23', '19', '37'),
	('38', '2014-11-12', '2007-02-10', '20', '8', '38'),
	('39', '2006-05-07', '2004-09-02', '15', '20', '39'),
	('40', '2015-01-19', '2013-09-24', '22', '10', '40'),
	('41', '2013-03-20', '2023-10-20', '25', '15', '41'),
	('42', '2011-09-18', '2001-05-15', '18', '16', '42'),
	('43', '2017-10-02', '2019-11-13', '2', '5', '43'),
	('44', '2019-05-09', '2018-08-04', '21', '3', '44'),
	('45', '2007-11-06', '2012-11-11', '18', '7', '45'),
	('46', '2020-06-01', '2007-12-13', '19', '5', '46'),
	('47', '2008-12-03', '2021-12-05', '20', '8', '47'),
	('48', '2015-08-09', '2018-04-17', '5', '16', '48'),
	('49', '2005-06-17', '2017-12-15', '18', '11', '49'),
	('50', '2010-10-13', '2007-06-10', '10', '13', '50'),
	('51', '2016-04-20', '2015-11-26', '1', '12', '51'),
	('52', '1999-07-16', '2008-02-18', '5', '16', '52'),
	('53', '2005-01-10', '2020-05-18', '2', '13', '53'),
	('54', '2016-05-29', '2018-11-05', '7', '8', '54'),
	('55', '2018-05-31', '2017-09-28', '1', '1', '55'),
	('56', '1999-07-20', '2005-02-26', '3', '19', '56'),
	('57', '2023-03-25', '2018-04-03', '14', '13', '57'),
	('58', '2011-12-27', '2000-12-24', '8', '6', '58'),
	('59', '2006-09-06', '2001-08-25', '18', '1', '59'),
	('60', '2017-01-19', '2018-02-13', '14', '6', '60'),
	('61', '1999-09-08', '2010-06-09', '15', '11', '61'),
	('62', '2021-02-19', '2001-04-27', '10', '10', '62'),
	('63', '2016-12-05', '2001-05-04', '5', '16', '63'),
	('64', '2001-04-15', '2014-06-24', '23', '9', '64'),
	('65', '2021-07-19', '2008-10-22', '16', '9', '65'),
	('66', '2010-05-30', '2005-02-27', '6', '16', '66'),
	('67', '2013-05-06', '2002-04-08', '12', '7', '67'),
	('68', '2000-01-11', '2006-09-16', '11', '12', '68'),
	('69', '2013-04-28', '2000-12-12', '13', '2', '69'),
	('70', '1999-05-22', '2014-02-23', '8', '14', '70'),
	('71', '2013-05-08', '2003-06-11', '3', '14', '71'),
	('72', '2019-07-19', '2006-12-15', '2', '16', '72'),
	('73', '2016-09-01', '2014-01-26', '24', '1', '73'),
	('74', '2016-04-25', '1999-01-16', '10', '8', '74'),
	('75', '2006-12-23', '2009-12-27', '19', '14', '75'),
	('76', '2009-10-30', '2017-10-12', '12', '4', '76'),
	('77', '2005-11-26', '2008-01-23', '10', '9', '77'),
	('78', '2005-11-10', '2012-07-29', '17', '14', '78'),
	('79', '2013-01-07', '2001-10-09', '8', '8', '79'),
	('80', '2017-12-22', '2000-11-16', '17', '5', '80'),
	('81', '2008-10-11', '2007-08-16', '4', '14', '81'),
	('82', '2011-12-06', '2000-10-09', '11', '7', '82'),
	('83', '2017-08-05', '2022-03-16', '4', '6', '83'),
	('84', '2014-12-09', '2012-08-21', '3', '9', '84'),
	('85', '2017-06-15', '2010-05-07', '16', '8', '85'),
	('86', '2021-07-22', '2011-02-18', '11', '3', '86'),
	('87', '2022-03-04', '2014-06-22', '13', '1', '87'),
	('88', '2006-05-01', '1999-09-17', '12', '11', '88'),
	('89', '2022-09-12', '2001-03-01', '16', '12', '89'),
	('90', '2010-10-24', '1999-03-29', '17', '7', '90'),
	('91', '2003-06-05', '2001-02-11', '21', '14', '91'),
	('92', '2008-09-18', '1999-01-11', '16', '2', '92'),
	('93', '2009-09-23', '2011-11-21', '19', '7', '93'),
	('94', '2000-03-20', '2017-10-26', '18', '15', '94'),
	('95', '2021-05-28', '2012-12-19', '1', '15', '95'),
	('96', '2010-03-27', '2012-10-28', '13', '13', '96'),
	('97', '2012-06-19', '2005-05-02', '22', '3', '97'),
	('98', '1999-06-21', '2018-01-08', '12', '13', '98'),
	('99', '2017-01-10', '2021-07-31', '1', '11', '99'),
	('100', '2002-10-11', '2021-06-26', '6', '17', '100'),
	('101', '2002-02-03', '2002-04-16', '107', '16', '101'),
	('102', '2000-04-28', '2010-12-04', '114', '9', '102'),
	('103', '2004-05-02', '2005-05-13', '32', '5', '103'),
	('104', '2008-08-13', '2001-07-30', '105', '15', '104'),
	('105', '1999-04-18', '2004-09-29', '103', '8', '105'),
	('106', '2020-02-12', '2001-08-29', '96', '2', '106'),
	('107', '2022-03-20', '2011-12-05', '124', '6', '107'),
	('108', '2016-03-30', '2018-03-29', '50', '11', '108'),
	('109', '2010-02-08', '2022-10-29', '83', '10', '109'),
	('110', '2023-10-26', '2021-04-10', '74', '14', '110'),
	('111', '2022-01-28', '2003-06-09', '37', '2', '111'),
	('112', '2017-10-12', '2021-12-27', '112', '12', '112'),
	('113', '2019-12-05', '2002-02-05', '48', '12', '113'),
	('114', '2001-04-29', '2023-02-11', '55', '15', '114'),
	('115', '2018-09-03', '2014-08-13', '102', '11', '115'),
	('116', '2008-04-01', '2012-04-22', '69', '6', '116'),
	('117', '2004-09-30', '2005-04-26', '71', '1', '117'),
	('118', '2010-05-26', '2011-09-17', '60', '12', '118'),
	('119', '2009-08-21', '2014-05-02', '58', '4', '119'),
	('120', '2011-11-20', '2009-11-13', '87', '18', '120'),
	('121', '2006-08-04', '2010-02-28', '127', '11', '121'),
	('122', '2013-12-29', '1999-08-06', '79', '14', '122'),
	('123', '2003-06-06', '2022-07-02', '71', '16', '123'),
	('124', '2008-06-30', '2000-12-13', '58', '12', '124'),
	('125', '2009-05-29', '2002-04-26', '116', '20', '125'),
	('126', '2012-08-20', '2014-10-30', '134', '14', '126'),
	('127', '2002-09-14', '2005-09-19', '74', '9', '127'),
	('128', '2004-03-15', '2011-06-16', '56', '7', '128'),
	('129', '2003-10-12', '1999-12-30', '98', '5', '129'),
	('130', '2013-06-23', '2016-07-20', '134', '2', '130'),
	('131', '2012-10-29', '2001-04-21', '109', '11', '131'),
	('132', '2022-02-06', '1999-08-17', '134', '1', '132'),
	('133', '2020-11-04', '2017-09-27', '72', '17', '133'),
	('134', '2014-11-17', '2007-07-02', '46', '11', '134'),
	('135', '2010-06-06', '2012-04-28', '138', '19', '135'),
	('136', '2015-12-06', '2009-06-30', '73', '2', '136'),
	('137', '2018-09-01', '2016-12-09', '41', '19', '137'),
	('138', '2007-09-28', '2013-08-01', '66', '8', '138'),
	('139', '2023-11-01', '2001-06-20', '92', '20', '139'),
	('140', '2007-01-09', '2021-10-07', '107', '10', '140'),
	('141', '2023-07-08', '2010-08-30', '33', '15', '141'),
	('142', '2003-06-17', '2001-03-06', '33', '16', '142'),
	('143', '2000-02-21', '2020-06-24', '43', '5', '143'),
	('144', '2009-06-15', '2005-09-18', '25', '3', '144'),
	('145', '2006-07-04', '2015-08-29', '87', '7', '145'),
	('146', '2023-05-21', '2012-08-30', '110', '5', '146'),
	('147', '2004-07-24', '2020-11-21', '49', '8', '147'),
	('148', '2020-06-27', '2003-09-12', '83', '16', '148');
/*
###################################################################################################################################################
----------------------------------------------------------------ORDERDETAIL TABLE----------------------------------------------------------------------
###################################################################################################################################################
*/
INSERT INTO ORDERDETAIL (OrderDetailID, Quantity, TotalAmount, OrderID) VALUES
    ('1', '10', '1264.7', '1'),
    ('2', '2', '229.1', '2'),
    ('3', '6', '740.34', '3'),
    ('4', '10', '1462.6', '4'),
    ('5', '3', '285.33', '5'),
    ('6', '8', '946.88', '6'),
    ('7', '1', '142.32', '7'),
    ('8', '8', '457.76', '8'),
    ('9', '7', '649.32', '9'),
    ('10', '6', '542.1', '10'),
    ('11', '8', '892.48', '11'),
    ('12', '5', '704.6', '12'),
    ('13', '10', '729', '13'),
    ('14', '5', '438.35', '14'),
    ('15', '4', '340.8', '15'),
    ('16', '8', '936.48', '16'),
    ('17', '10', '1359.7', '17'),
    ('18', '2', '207.68', '18'),
    ('19', '10', '658.8', '19'),
    ('20', '10', '1407.9', '20'),
    ('21', '9', '1165.59', '21'),
    ('22', '6', '771.9', '22'),
    ('23', '6', '650.94', '23'),
    ('24', '8', '1193.52', '24'),
    ('25', '6', '561.84', '25'),
    ('26', '3', '438.51', '26'),
    ('27', '9', '746.55', '27'),
    ('28', '2', '207.64', '28'),
    ('29', '10', '867.1', '29'),
    ('30', '10', '1066', '30'),
    ('31', '5', '540', '31'),
    ('32', '3', '403.53', '32'),
    ('33', '5', '653.85', '33'),
    ('34', '5', '569.25', '34'),
    ('35', '9', '1224.27', '35'),
    ('36', '8', '888.88', '36'),
    ('37', '8', '1102.88', '37'),
    ('38', '2', '219.46', '38'),
    ('39', '7', '605.22', '39'),
    ('40', '9', '634.23', '40'),
    ('41', '5', '562.65', '41'),
    ('42', '9', '1207.71', '42'),
    ('43', '10', '844.6', '43'),
    ('44', '3', '341.46', '44'),
    ('45', '9', '838.89', '45'),
    ('46', '5', '630.9', '46'),
    ('47', '8', '465.68', '47'),
    ('48', '9', '482.76', '48'),
    ('49', '8', '982.32', '49'),
    ('50', '1', '83.1', '50'),
    ('51', '1', '108.5', '51'),
    ('52', '8', '489.92', '52'),
    ('53', '10', '924.9', '53'),
    ('54', '7', '827.89', '54'),
    ('55', '9', '1328.58', '55'),
    ('56', '4', '219.96', '56'),
    ('57', '10', '1131.9', '57'),
    ('58', '9', '723.24', '58'),
    ('59', '5', '540.25', '59'),
    ('60', '2', '150', '60'),
    ('61', '4', '302.08', '61'),
    ('62', '10', '601.1', '62'),
    ('63', '10', '1480.8', '63'),
    ('64', '8', '597.68', '64'),
    ('65', '7', '690.69', '65'),
    ('66', '2', '220.8', '66'),
    ('67', '10', '1265.3', '67'),
    ('68', '5', '591.6', '68'),
    ('69', '6', '688.32', '69'),
    ('70', '4', '221.24', '70'),
    ('71', '4', '198.8', '71'),
    ('72', '6', '534.96', '72'),
    ('73', '8', '480.32', '73'),
    ('74', '3', '366.63', '74'),
    ('75', '2', '204.6', '75'),
    ('76', '8', '742.48', '76'),
    ('77', '7', '417.48', '77'),
    ('78', '6', '572.22', '78'),
    ('79', '3', '414.96', '79'),
    ('80', '9', '1344.33', '80'),
    ('81', '7', '691.18', '81'),
    ('82', '4', '209.56', '82'),
    ('83', '3', '183.42', '83'),
    ('84', '6', '324.96', '84'),
    ('85', '3', '180.81', '85'),
    ('86', '6', '727.74', '86'),
    ('87', '6', '538.74', '87'),
    ('88', '10', '1133.3', '88'),
    ('89', '9', '666.99', '89'),
    ('90', '3', '408.15', '90'),
    ('91', '3', '442.86', '91'),
    ('92', '1', '104.17', '92'),
    ('93', '4', '552.2', '93'),
    ('94', '7', '589.75', '94'),
    ('95', '3', '402.96', '95'),
    ('96', '7', '934.57', '96'),
    ('97', '7', '369.18', '97'),
    ('98', '7', '784.56', '98'),
    ('99', '10', '1378.9', '99'),
    ('100', '4', '241.4', '100'),
    ('101', '2', '298.86', '101'),
    ('102', '1', '142.7', '102'),
    ('103', '6', '461.1', '103'),
    ('104', '3', '407.82', '104'),
    ('105', '4', '358.88', '105'),
    ('106', '4', '235.08', '106'),
    ('107', '4', '395.44', '107'),
    ('108', '9', '1108.26', '108'),
    ('109', '1', '69.19', '109'),
    ('110', '10', '1463.3', '110'),
    ('111', '6', '333.9', '111'),
    ('112', '1', '135.09', '112'),
    ('113', '3', '370.92', '113'),
    ('114', '10', '812.5', '114'),
    ('115', '1', '75.05', '115'),
    ('116', '7', '845.04', '116'),
    ('117', '5', '305.65', '117'),
    ('118', '8', '905.12', '118'),
    ('119', '7', '661.08', '119'),
    ('120', '5', '505.75', '120'),
    ('121', '6', '482.16', '121'),
    ('122', '1', '91.71', '122'),
    ('123', '9', '560.61', '123'),
    ('124', '9', '1074.42', '124'),
    ('125', '4', '512.92', '125'),
    ('126', '6', '871.92', '126'),
    ('127', '6', '300.66', '127'),
    ('128', '5', '360.95', '128'),
    ('129', '6', '880.38', '129'),
    ('130', '8', '1148.56', '130'),
    ('131', '5', '517.3', '131'),
    ('132', '5', '349', '132'),
	('133', '10', '1425.8', '133'),
    ('134', '7', '474.95', '134'),
    ('135', '10', '1323.1', '135'),
    ('136', '10', '1397.7', '136'),
    ('137', '1', '67.52', '137'),
    ('138', '6', '812.7', '138'),
    ('139', '1', '122.92', '139'),
    ('140', '3', '216.15', '140'),
    ('141', '10', '546.7', '141'),
    ('142', '4', '300.08', '142'),
    ('143', '10', '817.1', '143'),
    ('144', '10', '860.4', '144'),
    ('145', '3', '251.82', '145'),
    ('146', '7', '795.76', '146'),
    ('147', '7', '603.61', '147'),
    ('148', '2', '130.86', '148');
    
/*
###################################################################################################################################################
----------------------------------------------------------------SUPPLIER TABLE----------------------------------------------------------------------
###################################################################################################################################################
*/
INSERT INTO Supplier (SupplierID, SupplierName, ContactName, ContactEmail, PhoneNumber, CPIN) VALUES
	('1', 'Arcade', 'Gordon Hulls', 'jzoellner0@pagesperso-orange.fr', '147-274-6893', '517504350'),
	('2', 'Apple', 'Rivkah Gumly', 'jprinnett1@ow.ly', '539-388-4157', '514304450'),
	('3', 'Nintendo', 'Dallas Cotter', 'tdimond2@marriott.com', '396-429-2549', '502330113'),
	('4', 'Microsoft', 'Fleur McIlory', 'bbridgen3@narod.ru', '347-933-2442', '596055962'),
	('5', 'Google', 'Hadrian Hayhoe', 'mmueller4@creativecommons.org', '561-579-0055', '576405883'),
	('6', 'Amazon', 'Osmund Kenryd', 'mtippin5@aol.com', '370-823-7385', '526810062'),
	('7', 'Sony', 'Sabrina Hellsdon', 'lfaust6@google.pl', '255-497-6076', '514619670'),
	('8', 'Sega', 'Korella Pow', 'mdowning7@stumbleupon.com', '433-662-1576', '534233695'),
	('9', 'Atari', 'Edie Proffer', 'elock8@prweb.com', '313-355-2659', '571451288'),
	('10', 'Meta', 'Lindsay McCulley', 'mvlasyuk9@odnoklassniki.ru', '221-798-1020', '545179182'),
	('11', 'Steam', 'Anet Vanetti', 'csushamsa@hud.gov', '836-805-0230', '504143214'),
	('12', 'Nvidia', 'Kesley Birtwhistle', 'bgoochb@reverbnation.com', '177-702-9048', '540648667'),
	('13', 'Tiger Telematics', 'Bobbi Surgeoner', 'tvanyashkinc@hatena.ne.jp', '725-187-2002', '523777276'),
	('14', 'EmuSoft', 'Abram Engelbrecht', 'clogsdaled@slashdot.org', '633-556-6445', '590496717'),
	('15', 'SNK', 'Desdemona Harses', 'ddonatie@de.vu', '408-507-1813', '556635792'),
	('16', 'Casio', 'Kenny Billitteri', 'elomisf@csmonitor.com', '232-845-4379', '529142406'),
	('17', 'Bandai', 'Kristofer Hayers', 'gtevelovg@themeforest.net', '196-280-6626', '540742931'),
	('18', 'Nokia', 'Francene Alen', 'bcolyerh@ted.com', '123-919-1070', '544771135'),
	('19', 'Tapwave', 'Arabel Stokes', 'nlambloti@jalbum.net', '997-156-7321', '542125279'),
	('20', 'GamePark', 'Lynnet Sparway', 'wwallj@google.com.hk', '617-683-1829', '591913334'),
	('21', 'Panasonic', 'Cob Tootell', 'csawbridgek@dropbox.com', '393-889-6592', '521041014'),
	('22', 'Fujitsu', 'Leodora Brockhurst', 'hcancellieril@networkadvertising.org', '512-783-1516', '599716561'),
	('23', 'GoldStar', 'Rafferty Bateson', 'ukorbmakerm@fema.gov', '374-577-7872', '542555231'),
	('24', 'NEC', 'Ernest Whight', 'zsizzeyn@newyorker.com', '266-543-7286', '542354169'),
	('25', 'Chips do Brasil', 'Peirce Tomczak', 'trodwello@liveinternet.ru', '440-494-5866', '513693597');
/*
###################################################################################################################################################
----------------------------------------------------------------SUPPLIERORDER TABLE----------------------------------------------------------------------
###################################################################################################################################################
*/
INSERT INTO SupplierOrder (SupplierOrderID, OrderDate, DeliveryDate, SupplierID) VALUES
	('1', '2003-07-09', '2012-02-07', '20'),
	('2', '2020-02-02', '2016-01-25', '20'),
	('3', '2012-07-21', '2003-01-04', '4'),
	('4', '2014-09-21', '2021-09-04', '15'),
	('5', '2000-08-08', '2003-08-12', '1'),
	('6', '2008-09-20', '2010-11-17', '20'),
	('7', '2015-04-11', '2008-04-01', '5'),
	('8', '2012-08-30', '2015-05-01', '19'),
	('9', '2008-06-08', '2017-02-10', '5'),
	('10', '1999-04-06', '2019-01-19', '19'),
	('11', '2021-05-01', '2007-12-18', '7'),
	('12', '2020-06-28', '1999-07-11', '13'),
	('13', '2013-02-07', '1999-08-28', '14'),
	('14', '2006-12-30', '2008-12-01', '18'),
	('15', '2011-04-10', '2017-05-04', '23'),
	('16', '2001-02-26', '2023-10-02', '14'),
	('17', '2012-08-03', '2020-11-17', '4'),
	('18', '2008-08-21', '2000-09-15', '10'),
	('19', '2012-03-25', '2002-02-24', '22'),
	('20', '2012-09-18', '2014-03-14', '5'),
	('21', '2021-10-26', '1999-10-15', '18'),
	('22', '2020-06-19', '2013-05-30', '8'),
	('23', '2005-12-06', '2017-03-03', '2'),
	('24', '2001-12-25', '2010-10-18', '9'),
	('25', '2005-05-07', '2008-10-09', '20'),
	('26', '2020-02-24', '2001-05-16', '8'),
	('27', '2006-09-28', '1999-04-05', '10'),
	('28', '2005-05-23', '2014-03-05', '12'),
	('29', '2021-05-12', '2009-03-03', '22'),
	('30', '2008-07-14', '2016-05-31', '24'),
	('31', '2014-05-13', '2009-11-15', '2'),
	('32', '2005-06-04', '2015-06-30', '8'),
	('33', '2021-10-05', '2008-06-19', '16'),
	('34', '2020-03-19', '2021-07-16', '9'),
	('35', '2002-04-18', '2003-08-13', '13'),
	('36', '2019-12-14', '2015-03-25', '1'),
	('37', '2017-03-19', '2021-12-21', '11'),
	('38', '2014-11-12', '2009-07-31', '16'),
	('39', '2006-05-07', '2002-06-10', '8'),
	('40', '2015-01-19', '1999-09-13', '20'),
	('41', '2013-03-20', '2018-02-08', '9'),
	('42', '2011-09-18', '2023-08-17', '4'),
	('43', '2017-10-02', '2004-11-03', '14'),
	('44', '2019-05-09', '2005-03-15', '1'),
	('45', '2007-11-06', '2023-09-02', '22'),
	('46', '2020-06-01', '2017-11-02', '3'),
	('47', '2008-12-03', '2001-01-02', '15'),
	('48', '2015-08-09', '2005-08-29', '13'),
	('49', '2005-06-17', '2005-01-29', '18'),
	('50', '2010-10-13', '2005-10-06', '24'),
	('51', '2016-04-20', '2002-07-04', '19'),
	('52', '1999-07-16', '2017-03-14', '19'),
	('53', '2005-01-10', '2023-07-29', '2'),
	('54', '2016-05-29', '2018-07-05', '14'),
	('55', '2018-05-31', '2006-03-13', '21'),
	('56', '1999-07-20', '2023-10-17', '16'),
	('57', '2023-03-25', '1999-05-07', '9'),
	('58', '2011-12-27', '2017-02-18', '1'),
	('59', '2006-09-06', '2005-05-05', '16'),
	('60', '2017-01-19', '2015-08-19', '8'),
	('61', '1999-09-08', '2017-09-03', '11'),
	('62', '2021-02-19', '2008-07-04', '19'),
	('63', '2016-12-05', '2012-08-15', '24'),
	('64', '2001-04-15', '2016-11-20', '18'),
	('65', '2021-07-19', '1999-03-12', '1'),
	('66', '2010-05-30', '2001-10-13', '11'),
	('67', '2013-05-06', '2014-09-26', '10'),
	('68', '2000-01-11', '2001-07-10', '8'),
	('69', '2013-04-28', '2000-06-15', '13'),
	('70', '1999-05-22', '2021-05-11', '10'),
	('71', '2013-05-08', '2005-10-25', '3'),
	('72', '2019-07-19', '2016-02-12', '3'),
	('73', '2016-09-01', '2020-07-20', '24'),
	('74', '2016-04-25', '2023-09-27', '4'),
	('75', '2006-12-23', '2023-05-01', '7'),
	('76', '2009-10-30', '2005-08-08', '20'),
	('77', '2005-11-26', '2013-02-21', '13'),
	('78', '2005-11-10', '2003-03-18', '11'),
	('79', '2013-01-07', '2015-04-20', '19'),
	('80', '2017-12-22', '2014-07-21', '14'),
	('81', '2008-10-11', '2015-01-11', '19'),
	('82', '2011-12-06', '2020-11-12', '4'),
	('83', '2017-08-05', '2016-05-12', '25'),
	('84', '2014-12-09', '2003-05-30', '5'),
	('85', '2017-06-15', '2011-03-10', '12'),
	('86', '2021-07-22', '2016-02-07', '24'),
	('87', '2022-03-04', '2000-03-23', '17'),
	('88', '2006-05-01', '2001-08-18', '6'),
	('89', '2022-09-12', '2007-12-10', '5'),
	('90', '2010-10-24', '2004-07-15', '25'),
	('91', '2003-06-05', '2008-10-02', '14'),
	('92', '2008-09-18', '2013-09-19', '12'),
	('93', '2009-09-23', '2005-04-27', '17'),
	('94', '2000-03-20', '2022-03-25', '24'),
	('95', '2021-05-28', '2011-08-05', '4'),
	('96', '2010-03-27', '2014-05-28', '23'),
	('97', '2012-06-19', '2011-03-28', '13'),
	('98', '1999-06-21', '2014-01-28', '3'),
	('99', '2017-01-10', '2006-05-02', '9'),
	('100', '2002-10-11', '2016-04-22', '7'),
	('101', '2002-02-03', '2021-01-04', '20'),
	('102', '2000-04-28', '2007-12-25', '20'),
	('103', '2004-05-02', '2008-08-13', '4'),
	('104', '2008-08-13', '2004-03-26', '15'),
	('105', '1999-04-18', '2008-03-13', '1'),
	('106', '2020-02-12', '2001-03-14', '20'),
	('107', '2022-03-20', '2010-07-03', '5'),
	('108', '2016-03-30', '2014-12-08', '19'),
	('109', '2010-02-08', '2019-07-12', '5'),
	('110', '2023-10-26', '2005-11-30', '19'),
	('111', '2022-01-28', '2007-03-31', '7'),
	('112', '2017-10-12', '2020-07-29', '13'),
	('113', '2019-12-05', '2023-03-19', '14'),
	('114', '2001-04-29', '2010-10-27', '18'),
	('115', '2018-09-03', '2008-06-10', '23'),
	('116', '2008-04-01', '2012-09-03', '14'),
	('117', '2004-09-30', '2015-03-19', '4'),
	('118', '2010-05-26', '2021-07-03', '10'),
	('119', '2009-08-21', '2007-07-11', '22'),
	('120', '2011-11-20', '2012-10-10', '5'),
	('121', '2006-08-04', '1999-06-30', '18'),
	('122', '2013-12-29', '2011-05-29', '8'),
	('123', '2003-06-06', '2012-02-09', '2'),
	('124', '2008-06-30', '2009-05-31', '9'),
	('125', '2009-05-29', '1999-10-24', '20'),
	('126', '2012-08-20', '2022-06-17', '8'),
	('127', '2002-09-14', '2004-08-02', '10'),
	('128', '2004-03-15', '2012-02-21', '12'),
	('129', '2003-10-12', '2017-12-14', '22'),
	('130', '2013-06-23', '2017-12-10', '24'),
	('131', '2012-10-29', '2010-11-07', '2'),
	('132', '2022-02-06', '2014-12-02', '8'),
	('133', '2020-11-04', '2008-10-17', '16'),
	('134', '2014-11-17', '2016-09-29', '9'),
	('135', '2010-06-06', '2015-09-24', '13'),
	('136', '2015-12-06', '2015-08-20', '1'),
	('137', '2018-09-01', '2019-06-01', '11'),
	('138', '2007-09-28', '2008-11-28', '16'),
	('139', '2023-11-01', '1999-11-26', '8'),
	('140', '2007-01-09', '2013-05-10', '20'),
	('141', '2023-07-08', '2006-02-13', '9'),
	('142', '2003-06-17', '2001-07-28', '4'),
	('143', '2000-02-21', '2020-12-04', '14'),
	('144', '2009-06-15', '2015-04-04', '1'),
	('145', '2006-07-04', '2005-05-09', '22'),
	('146', '2023-05-21', '2014-06-23', '3'),
	('147', '2004-07-24', '2005-01-04', '15'),
	('148', '2020-06-27', '2004-06-26', '13');
/*
###################################################################################################################################################
----------------------------------------------------------------INVENTORY TABLE----------------------------------------------------------------------
###################################################################################################################################################
*/
INSERT INTO Inventory (StockQuantity, VideoGameID, SupplierOrderID) VALUES
	('23', '178', '18'),
	('47', '162', '13'),
	('40', '263', '1'),
	('15', '204', '10'),
	('48', '8', '14'),
	('42', '155', '13'),
	('26', '262', '22'),
	('36', '220', '4'),
	('45', '53', '2'),
	('34', '273', '15'),
	('49', '200', '8'),
	('7', '98', '1'),
	('41', '283', '8'),
	('4', '290', '1'),
	('48', '16', '5'),
	('4', '16', '8'),
	('49', '245', '23'),
	('8', '313', '24'),
	('24', '271', '22'),
	('16', '317', '1'),
	('28', '56', '23'),
	('10', '317', '17'),
	('45', '174', '13'),
	('4', '279', '9'),
	('19', '93', '18'),
	('38', '312', '8'),
	('42', '43', '23'),
	('27', '315', '3'),
	('23', '90', '1'),
	('12', '295', '4'),
	('43', '283', '15'),
	('33', '272', '7'),
	('42', '97', '9'),
	('36', '157', '21'),
	('4', '91', '8'),
	('27', '308', '8'),
	('49', '178', '5'),
	('40', '200', '15'),
	('33', '114', '22'),
	('28', '96', '5'),
	('31', '91', '7'),
	('44', '65', '14'),
	('48', '118', '5'),
	('7', '274', '5'),
	('41', '28', '9'),
	('22', '254', '14'),
	('43', '157', '5'),
	('38', '231', '9'),
	('23', '296', '20'),
	('12', '32', '1'),
	('50', '115', '15'),
	('3', '297', '6'),
	('11', '90', '2'),
	('2', '278', '21'),
	('29', '314', '23'),
	('36', '263', '10'),
	('18', '201', '2'),
	('12', '148', '3'),
	('42', '27', '1'),
	('20', '73', '22'),
	('30', '300', '9'),
	('4', '117', '1'),
	('49', '38', '13'),
	('42', '166', '17'),
	('31', '74', '1'),
	('13', '221', '25'),
	('43', '210', '17'),
	('49', '69', '12'),
	('41', '171', '25'),
	('25', '185', '10'),
	('45', '103', '14'),
	('45', '298', '6'),
	('34', '293', '13'),
	('49', '85', '19'),
	('38', '42', '7'),
	('16', '64', '12'),
	('8', '132', '25'),
	('43', '223', '5'),
	('10', '316', '16'),
	('23', '214', '21'),
	('42', '234', '11'),
	('37', '279', '5'),    
	('40', '214', '5'),
	('40', '219', '4'),
	('38', '230', '14'),
	('10', '281', '4'),
	('17', '214', '15'),
	('32', '204', '6'),
	('9', '303', '2'),
	('22', '273', '8'),
	('38', '254', '17'),
	('40', '229', '9'),
	('28', '202', '8'),
	('5', '272', '24'),
	('24', '224', '19'),
	('22', '231', '14'),
	('5', '314', '2'),
	('36', '320', '22'),
	('6', '227', '8'),
	('42', '221', '7'),
	('36', '215', '9'),
	('33', '269', '17'),
	('48', '318', '12'),
	('29', '276', '23'),
	('3', '244', '25'),
	('42', '238', '22'),
	('8', '313', '5'),
	('5', '272', '10'),
	('6', '209', '10'),
	('19', '200', '20'),
	('25', '241', '3'),
	('6', '233', '5'),
	('17', '299', '17'),
	('3', '311', '14'),
	('12', '262', '8'),
	('29', '297', '13'),
	('39', '223', '9'),
	('48', '272', '9'),
	('41', '294', '21'),
	('32', '254', '13'),
	('28', '220', '7'),
	('41', '283', '4'),
	('29', '279', '12'),
	('16', '253', '24'),
	('15', '204', '1'),
	('13', '263', '9'),
	('44', '238', '23'),
	('40', '241', '10'),
	('37', '278', '17'),
	('10', '316', '19'),
	('31', '240', '11'),
	('49', '315', '25'),
	('50', '299', '24'),
	('42', '299', '8'),
	('2', '205', '6'),
	('32', '261', '23'),
	('45', '315', '8'),
	('44', '274', '1'),
	('18', '203', '18'),
	('6', '253', '19'),
	('35', '267', '11'),
	('9', '241', '1'),
	('22', '242', '10'),
	('23', '309', '2'),
	('44', '258', '13'),
	('9', '284', '23'),
	('20', '202', '2'),
	('5', '215', '5'),
	('6', '202', '7'),
	('3', '219', '24'),
	('36', '308', '4'),
	('26', '228', '22'),
	('2', '233', '23'),
	('34', '313', '22'),
	('49', '280', '18'),
	('43', '239', '19'),
	('39', '225', '12'),
	('23', '292', '7'),
	('46', '303', '6'),
	('49', '291', '9'),
	('29', '299', '11'),
	('36', '254', '25'),
	('27', '274', '16'),
	('7', '252', '19'),
	('28', '207', '15'),
	('41', '225', '13'),
	('31', '273', '22'),
	('13', '204', '9'),
	('7', '200', '2'),
	('20', '253', '14'),
	('22', '217', '15'),
	('28', '320', '25'),
	('25', '224', '6'),
	('48', '266', '1'),
	('42', '319', '13'),
	('21', '223', '21'),
	('15', '240', '6'),
	('14', '271', '9'),
	('26', '210', '13'),
	('34', '203', '13'),
	('39', '247', '17'),
	('30', '235', '13'),
	('5', '254', '23'),
	('36', '261', '14'),
	('5', '290', '17'),
	('3', '265', '21'),
	('12', '226', '14'),
	('44', '264', '25'),
	('36', '217', '5'),
	('5', '218', '24'),
	('5', '306', '14'),
	('20', '222', '15'),
	('16', '317', '14'),
	('11', '307', '2'),
	('19', '245', '15'),
	('6', '258', '12'),
	('49', '257', '17'),
	('22', '309', '15'),
	('47', '243', '1'),
	('10', '277', '4'),
	('46', '281', '22'),
	('26', '295', '19'),
	('25', '283', '21'),
	('27', '203', '15'),
	('33', '213', '24'),
	('45', '213', '5'),
	('13', '308', '21'),
	('12', '242', '19'),
	('1', '286', '11'),
	('48', '273', '20'),
	('31', '286', '10'),
	('5', '210', '19'),
	('24', '261', '7'),
	('27', '321', '9'),
	('29', '268', '1'),
	('18', '200', '3'),
	('16', '245', '6'),
	('29', '305', '25'),
	('2', '257', '4'),
	('27', '259', '20'),
	('40', '296', '12'),
	('47', '267', '22'),
	('13', '319', '15'),
	('35', '308', '24'),
	('42', '264', '11'),
	('34', '250', '16'),
	('49', '214', '1'),
	('37', '279', '21'),
	('44', '320', '20'),
	('50', '312', '12'),
	('24', '218', '21'),
	('8', '258', '3'),
	('28', '220', '20'),
	('24', '221', '12'),
	('40', '241', '18'),
	('11', '252', '9'),
	('50', '230', '15'),
	('23', '289', '1'),
	('50', '229', '18'),
	('26', '246', '1'),
	('49', '234', '2'),
	('20', '224', '17'),
	('45', '213', '6'),
	('24', '299', '22'),
	('5', '254', '4'),
	('8', '274', '18'),
	('39', '252', '14'),
	('45', '207', '2'),
	('39', '225', '20'),
	('9', '273', '2'),
	('35', '204', '12'),
	('36', '200', '7'),
	('11', '253', '16'),
	('19', '320', '23'),
	('3', '224', '10'),
	('22', '266', '3'),
	('41', '223', '12'),
	('2', '240', '14'),
	('38', '271', '25'),
	('4', '203', '3'),
	('22', '247', '8'),
	('26', '235', '16'),
	('23', '254', '1'),
	('33', '261', '4'),
	('38', '290', '23'),
	('29', '265', '22'),
	('15', '226', '9'),
	('38', '264', '4'),
	('11', '218', '17'),
	('44', '306', '8'),
	('16', '222', '19'),
	('23', '317', '18'),
	('35', '307', '7'),
	('25', '245', '25'),
	('28', '258', '11'),
	('17', '257', '5'),
	('14', '309', '12'),
	('26', '243', '12'),
	('7', '277', '18'),
	('17', '281', '17'),
	('1', '295', '23'),
	('39', '225', '5'),
	('20', '203', '23'),
	('7', '213', '21'),
	('49', '201', '17'),
	('22', '213', '15'),
	('47', '308', '1'),
	('10', '242', '4'),
	('46', '286', '22'),
	('26', '273', '19'),
	('25', '210', '21'),
	('27', '261', '15'),
	('33', '321', '24'),
	('5', '202', '25'),
	('45', '268', '5'),
	('13', '264', '21'),
	('12', '217', '19'),
	('1', '218', '11'),
	('48', '306', '20'),
	('31', '222', '10'),
	('5', '317', '19'),
	('27', '245', '9'),
	('26', '258', '19'),
	('48', '257', '20');
/*
###################################################################################################################################################
----------------------------------------------------------------RATING TABLE----------------------------------------------------------------------
###################################################################################################################################################
*/
INSERT INTO Rating (RatingID, Rating, ReviewText, RatingDate, CustomerID, VideoGameID) VALUES
	('1', 2, 'sem praesent id massa id nisl venenatis lacinia aenean sit amet justo morbi ut odio cras mi pede malesuada in imperdiet et commodo vulputate justo in blandit ultrices enim lorem ipsum dolor sit amet consectetuer adipiscing elit proin interdum mauris non ligula', '2019-07-01', '113', '178'),
	('2', 4, 'sapien placerat ante nulla justo aliquam quis turpis eget elit sodales scelerisque mauris sit amet eros suspendisse accumsan tortor quis turpis sed ante vivamus tortor duis mattis egestas metus aenean fermentum donec ut mauris eget massa tempor convallis nulla neque libero convallis eget eleifend luctus ultricies eu nibh quisque id justo sit amet sapien dignissim vestibulum vestibulum ante ipsum primis in faucibus orci luctus et ultrices posuere cubilia curae nulla dapibus dolor vel est donec odio justo sollicitudin ut suscipit a feugiat et eros', '2016-05-10', '118', '162'),
	('3', 0, 'molestie lorem quisque ut erat curabitur gravida nisi at nibh in hac habitasse platea dictumst aliquam augue quam sollicitudin vitae consectetuer eget rutrum at lorem integer tincidunt ante vel ipsum praesent blandit lacinia erat vestibulum sed magna at nunc commodo placerat praesent blandit nam nulla integer pede justo lacinia eget tincidunt eget tempus vel pede morbi porttitor lorem id ligula suspendisse ornare consequat lectus in est risus auctor sed tristique in tempus sit amet sem fusce consequat nulla nisl nunc nisl duis bibendum felis sed interdum venenatis turpis enim blandit mi', '2023-05-13', '65', '263'),
	('4', 2, 'sapien in sapien iaculis congue vivamus metus arcu adipiscing molestie hendrerit at vulputate vitae nisl aenean lectus pellentesque eget nunc donec quis orci eget orci vehicula condimentum curabitur in libero ut massa volutpat convallis morbi odio odio elementum eu interdum eu tincidunt in leo maecenas pulvinar lobortis est phasellus sit amet erat nulla tempus vivamus in felis eu sapien cursus vestibulum proin eu mi nulla ac enim in tempor turpis nec', '2019-01-13', '96', '204'),
	('5', 3, 'ut dolor morbi vel lectus in quam fringilla rhoncus mauris enim leo rhoncus sed vestibulum sit amet cursus id turpis integer aliquet massa id lobortis convallis tortor risus dapibus augue vel accumsan tellus nisi eu orci mauris lacinia sapien quis libero nullam sit amet turpis elementum ligula vehicula consequat morbi a ipsum integer a nibh in quis justo maecenas rhoncus aliquam lacus morbi quis tortor id nulla ultrices aliquet maecenas leo odio condimentum id luctus nec molestie sed justo pellentesque viverra pede ac diam cras', '2020-02-19', '56', '8'),
	('6', 1, 'elit proin risus praesent lectus vestibulum quam sapien varius ut blandit non interdum in ante vestibulum ante ipsum primis in faucibus orci luctus et ultrices posuere cubilia curae duis faucibus accumsan odio curabitur convallis duis consequat dui nec nisi volutpat eleifend donec ut dolor morbi vel lectus in quam fringilla rhoncus mauris enim leo rhoncus sed vestibulum sit amet cursus id turpis integer aliquet massa id lobortis convallis tortor risus dapibus augue vel accumsan tellus nisi eu orci mauris lacinia sapien quis libero nullam sit amet turpis elementum ligula vehicula consequat morbi a ipsum integer a nibh in quis justo', '2018-09-16', '93', '155'),
	('7', 1, 'integer a nibh in quis justo maecenas rhoncus aliquam lacus morbi quis tortor id nulla ultrices aliquet maecenas leo odio condimentum id luctus nec molestie sed justo pellentesque viverra pede ac diam cras pellentesque volutpat dui maecenas tristique est et tempus semper est quam pharetra magna ac consequat metus sapien ut nunc vestibulum ante ipsum primis in faucibus orci luctus et ultrices posuere cubilia curae mauris viverra diam vitae quam suspendisse potenti nullam porttitor lacus at turpis donec posuere metus vitae ipsum aliquam non mauris morbi non lectus aliquam sit amet diam in magna', '2009-04-24', '62', '262'),
	('8', 3, 'curae donec pharetra magna vestibulum aliquet ultrices erat tortor sollicitudin mi sit amet lobortis sapien sapien non mi integer ac neque duis bibendum morbi non quam nec dui luctus rutrum nulla tellus in sagittis dui vel nisl duis ac nibh fusce lacus purus aliquet at feugiat non pretium quis lectus suspendisse potenti in eleifend quam a odio in hac habitasse platea dictumst maecenas ut massa quis augue', '2012-06-06', '136', '220'),
	('9', 1, 'nec euismod scelerisque quam turpis adipiscing lorem vitae mattis nibh ligula nec sem duis aliquam convallis nunc proin at turpis a pede posuere nonummy integer non velit donec diam neque vestibulum eget vulputate ut ultrices vel augue vestibulum ante ipsum primis in faucibus orci luctus et ultrices posuere cubilia curae donec pharetra magna vestibulum aliquet ultrices erat tortor sollicitudin mi sit amet lobortis sapien sapien non mi integer ac neque duis bibendum morbi non quam nec dui luctus rutrum nulla tellus in sagittis dui vel nisl', '2010-11-08', '54', '53'),
	('10', 3, 'fusce lacus purus aliquet at feugiat non pretium quis lectus suspendisse potenti in eleifend quam a odio in hac habitasse platea dictumst maecenas ut massa quis augue luctus tincidunt nulla mollis molestie lorem quisque ut erat curabitur gravida nisi at nibh in hac habitasse platea dictumst aliquam augue quam sollicitudin vitae consectetuer eget rutrum at lorem integer tincidunt ante vel ipsum praesent blandit lacinia erat vestibulum sed magna at nunc', '2012-05-30', '86', '273'),
	('11', 2, 'interdum mauris non ligula pellentesque ultrices phasellus id sapien in sapien iaculis congue vivamus metus arcu adipiscing molestie hendrerit at vulputate vitae nisl aenean lectus pellentesque eget nunc donec quis orci eget orci vehicula condimentum curabitur in libero ut massa volutpat', '2012-02-24', '115', '200'),
	('12', 2, 'urna pretium nisl ut volutpat sapien arcu sed augue aliquam erat volutpat in congue etiam justo etiam pretium iaculis justo in hac habitasse platea dictumst etiam faucibus cursus urna ut tellus nulla ut erat id mauris vulputate elementum nullam varius nulla facilisi cras non velit nec nisi vulputate nonummy maecenas tincidunt lacus at velit vivamus vel nulla eget eros elementum pellentesque quisque porta volutpat', '1999-10-22', '142', '98'),
	('13', 1, 'id lobortis convallis tortor risus dapibus augue vel accumsan tellus nisi eu orci mauris lacinia sapien quis libero nullam sit amet turpis elementum ligula vehicula consequat morbi a ipsum integer', '2011-08-12', '48', '283'),
	('14', 0, 'massa tempor convallis nulla neque libero convallis eget eleifend luctus ultricies eu nibh quisque id justo sit amet sapien dignissim vestibulum vestibulum ante ipsum primis in faucibus orci luctus et ultrices posuere cubilia curae nulla dapibus dolor vel est donec odio justo', '2005-11-15', '6', '290'),
	('15', 3, 'lectus vestibulum quam sapien varius ut blandit non interdum in ante vestibulum ante ipsum primis in faucibus orci luctus et ultrices posuere', '2019-10-14', '109', '16');
	